role,feature,control,cohort,region,target,clips,mse,zero_mse,energy_reduction,train_energy_normalized_mse,normalized_active_channels,normalized_clips
train,u,forward,all,all51,local_mean,2024,0.003294770317088285,0.0033523297039293604,0.017169965941478904,0.9872400078815733,47,2024
train,u,forward,all,all51,local_std,2024,0.0004507223873748959,0.0004671363334592506,0.03513737833836583,0.9765413472673689,46,2024
train,u,forward,all,mouth,local_mean,2013,0.003948831299599341,0.0040471312880659355,0.02428880643345044,0.982287676706069,27,2013
train,u,forward,all,mouth,local_std,2013,0.0005795479496632321,0.000607086553698554,0.0453619074043865,0.9685109159565447,27,2013
train,u,forward,all,brows,local_mean,2024,0.0018972865343648774,0.0019073115103265593,0.005256076895360118,0.9948627003221936,5,2024
train,u,forward,all,brows,local_std,2024,0.00010449550102512843,0.00010554577829015203,0.009950916863167403,0.9904591761568512,5,2024
train,u,forward,all,eyes,local_mean,2024,0.0037149980352360564,0.0037329250177145076,0.0048023955459536305,0.9936760782708672,14,2024
train,u,forward,all,eyes,local_std,2024,0.0004894193700407975,0.0004959479018274551,0.013163745148636385,0.9847906066568061,14,2024
train,u,forward,emotion_1,all51,local_mean,290,0.0031270998055270053,0.003157108006850888,0.009504965068906523,0.9401260270597293,47,290
train,u,forward,emotion_1,all51,local_std,290,0.00047636151879836024,0.0004966279168478516,0.04080801211926277,1.021901165855606,46,290
train,u,forward,emotion_1,mouth,local_mean,289,0.0036377954153436307,0.003674942258760623,0.010108143421420746,0.8721035845447869,27,289
train,u,forward,emotion_1,mouth,local_std,289,0.0006528641699176414,0.0006870369817164978,0.04973940662332155,1.0823135927106418,27,289
train,u,forward,emotion_1,brows,local_mean,290,0.0018749118347687532,0.001884419001501334,0.005045144803255797,0.9390966975601239,5,290
train,u,forward,emotion_1,brows,local_std,290,0.00010235988424264928,0.00010353923173484399,0.01139034424376384,0.8553058813501682,5,290
train,u,forward,emotion_1,eyes,local_mean,290,0.0036289532442413033,0.0036649336615662,0.009817481200879441,0.9660078725099077,14,290
train,u,forward,emotion_1,eyes,local_std,290,0.00043695499615107746,0.00044421824298939073,0.0163506270913929,0.952072235094517,14,290
train,u,forward,emotion_2,all51,local_mean,249,0.0036368688119148783,0.0037030816985740614,0.017880482270936526,1.3458909870788731,47,249
train,u,forward,emotion_2,all51,local_std,249,0.00041776930072258325,0.000430770004561677,0.030180151128030408,1.1159532441471895,46,249
train,u,forward,emotion_2,mouth,local_mean,247,0.00438368331770885,0.004501325993240603,0.026135115676671927,1.5956645770248306,27,247
train,u,forward,emotion_2,mouth,local_std,247,0.0005646583685378992,0.0005870163931458526,0.038087564281016895,1.3128536639242152,27,247
train,u,forward,emotion_2,brows,local_mean,249,0.0029013943989899716,0.002899769517811627,-0.0005603483891958305,1.577234044609502,5,249
train,u,forward,emotion_2,brows,local_std,249,0.00011730631481909948,0.00011793638904329829,0.005342492078229455,1.2272724477508925,5,249
train,u,forward,emotion_2,eyes,local_mean,249,0.003800567310427124,0.0038169763885687706,0.004298972922858302,0.8509935927658473,14,249
train,u,forward,emotion_2,eyes,local_std,249,0.00039454437805144484,0.0003990723157610273,0.011346158404768603,0.7029735914115836,14,249
train,u,forward,emotion_3,all51,local_mean,296,0.003567088369633968,0.0036642225633254934,0.0265088138105265,1.0214211383397602,47,296
train,u,forward,emotion_3,all51,local_std,296,0.0004473263171104606,0.0004645752608346299,0.037128416380116325,0.9719051766522229,46,296
train,u,forward,emotion_3,mouth,local_mean,294,0.004477087423557898,0.004649297967304468,0.03704011766026094,1.1080880638666355,27,294
train,u,forward,emotion_3,mouth,local_std,294,0.0005805638638279456,0.0006078070488539897,0.04482209457328723,1.0445447698937216,27,294
train,u,forward,emotion_3,brows,local_mean,296,0.0016724220073488013,0.0016811085915605756,0.00516717614518325,0.8256675544003788,5,296
train,u,forward,emotion_3,brows,local_std,296,0.0001047126540165248,0.00010601617988082827,0.01229553701867725,0.8811131436688947,5,296
train,u,forward,emotion_3,eyes,local_mean,296,0.003795083513875353,0.003816608591688758,0.0056398441957812295,0.9121563220368076,14,296
train,u,forward,emotion_3,eyes,local_std,296,0.00047761781692230737,0.0004877417381589546,0.020756725218680994,0.8729967925867397,14,296
train,u,forward,emotion_4,all51,local_mean,308,0.0028930538778662936,0.00292281141931822,0.010181136304328375,0.892688462935259,47,308
train,u,forward,emotion_4,all51,local_std,308,0.00044772949925520126,0.00046710807008699164,0.04148626853777415,0.9665161622178322,46,308
train,u,forward,emotion_4,mouth,local_mean,304,0.0032723332984150332,0.0033223129706724864,0.01504363757979621,0.7671030922701411,27,304
train,u,forward,emotion_4,mouth,local_std,304,0.0005672994261497565,0.0006013926942276656,0.05669052584965817,0.8563962110223396,27,304
train,u,forward,emotion_4,brows,local_mean,308,0.0016096763715018664,0.00161830046964435,0.005329108100907143,0.9086427014042515,5,308
train,u,forward,emotion_4,brows,local_std,308,9.202903403714289e-05,9.306764369016841e-05,0.011159728685977588,0.9465649932687012,5,308
train,u,forward,emotion_4,eyes,local_mean,308,0.003667828119820094,0.00367934221684676,0.003129390077918237,1.1460097096571902,14,308
train,u,forward,emotion_4,eyes,local_std,308,0.0005104430418930888,0.0005158527990272247,0.010487017118715691,1.1715284537456399,14,308
train,u,forward,emotion_5,all51,local_mean,300,0.004179629521823029,0.004326692392138845,0.033989675481209125,0.9442216327592348,47,300
train,u,forward,emotion_5,all51,local_std,300,0.000560089237071186,0.0005755376189543682,0.026841654436505324,0.9629592727528833,46,300
train,u,forward,emotion_5,mouth,local_mean,299,0.0052853256816698885,0.005554197705313913,0.04840879599708592,0.8953228809415822,27,299
train,u,forward,emotion_5,mouth,local_std,299,0.0006900776047826337,0.0007150100415571763,0.03487005122367759,0.8614372191679528,27,299
train,u,forward,emotion_5,brows,local_mean,300,0.0018209713407968291,0.0018461426646206565,0.013634549651123318,0.9403877169498541,5,300
train,u,forward,emotion_5,brows,local_std,300,0.00011902195476660043,0.00011993379692286428,0.007602879085453318,1.162565020847309,5,300
train,u,forward,emotion_5,eyes,local_mean,300,0.004409048121357565,0.0044189728994748646,0.002245946816844868,1.010260887746579,14,300
train,u,forward,emotion_5,eyes,local_std,300,0.0006707639392674428,0.0006787843546045163,0.011815851798391064,1.090380329788715,14,300
train,u,forward,emotion_6,all51,local_mean,280,0.0029735042233068032,0.0029962669030508373,0.007597013377165007,0.8933987154499471,47,280
train,u,forward,emotion_6,all51,local_std,280,0.00039153040248167826,0.00040611135194167645,0.035903821428001415,0.8441725562335408,46,280
train,u,forward,emotion_6,mouth,local_mean,279,0.0035822440119241683,0.0036172724061947956,0.009683648433731151,0.9731989812397949,27,279
train,u,forward,emotion_6,mouth,local_std,279,0.0004958396571304557,0.0005201551497697541,0.046746615216751386,0.8829754671665555,27,279
train,u,forward,emotion_6,brows,local_mean,280,0.0016175509398548183,0.0016246768924423373,0.004386073699125914,0.7876315577309759,5,280
train,u,forward,emotion_6,brows,local_std,280,9.60135242183888e-05,9.738520502957921e-05,0.014085104721746955,0.8057389400729754,5,280
train,u,forward,emotion_6,eyes,local_mean,280,0.003350331963782886,0.0033627268166638653,0.0036859529651820377,0.8070596046631644,14,280
train,u,forward,emotion_6,eyes,local_std,280,0.0004372599697003397,0.00044297700034686696,0.012905931102632051,0.7798715176019831,14,280
train,u,forward,emotion_7,all51,local_mean,301,0.0027335118044842757,0.002743150861897278,0.003513863399527195,0.9292476366643169,47,301
train,u,forward,emotion_7,all51,local_std,301,0.0004057413829362711,0.0004200800161992192,0.03413310014763493,0.9689999440364515,46,301
train,u,forward,emotion_7,mouth,local_mean,301,0.003070077302972579,0.00307703850191137,0.0022623047889933634,0.7740090324132588,27,301
train,u,forward,emotion_7,mouth,local_std,301,0.0005005461490122265,0.0005252111466858976,0.04696206055280461,0.8012906849423107,27,301
train,u,forward,emotion_7,brows,local_mean,301,0.001939911648261968,0.0019504231212891438,0.005389329583125546,1.0685052713198244,5,301
train,u,forward,emotion_7,brows,local_std,301,0.00010191027897367289,0.0001027857049765555,0.008517001494344867,1.0775146496098575,5,301
train,u,forward,emotion_7,eyes,local_mean,301,0.0033441035046952697,0.003362037969466198,0.005334402803837346,1.2197225158362015,14,301
train,u,forward,emotion_7,eyes,local_std,301,0.00047632226556661075,0.00048067499379879293,0.009055449707883523,1.2536839774417923,14,301
train,u,control_forward,all,all51,local_mean,2024,0.003292307958678656,0.0033495157389933756,0.017079418271941704,0.9863246522563198,47,2024
train,u,control_forward,all,all51,local_std,2024,0.0004505905811668546,0.0004669658742275885,0.03506742990121148,0.9757272009841265,46,2024
train,u,control_forward,all,mouth,local_mean,2012,0.003948474922321179,0.004046264106734717,0.024167771018895,0.9819736068890814,27,2012
train,u,control_forward,all,mouth,local_std,2012,0.0005798780868897699,0.0006073674921248295,0.04525992186195216,0.9687485265620976,27,2012
train,u,control_forward,all,brows,local_mean,2024,0.0018936286482655498,0.001903643756066237,0.005261019961730007,0.9929913088453115,5,2024
train,u,control_forward,all,brows,local_std,2024,0.00010406597461428862,0.00010511421204768097,0.009972366371512664,0.9862247728168221,5,2024
train,u,control_forward,all,eyes,local_mean,2024,0.003710638993317871,0.003728440383474805,0.0047744870042264465,0.9924500835806178,14,2024
train,u,control_forward,all,eyes,local_std,2024,0.0004889603125614859,0.0004954737290522789,0.013145836214669915,0.9837973316900485,14,2024
train,u,control_forward,emotion_1,all51,local_mean,290,0.0031293204211794456,0.0031588237609159386,0.009339976513263348,0.9409891493888505,47,290
train,u,control_forward,emotion_1,all51,local_std,290,0.00047646942465726257,0.0004967032988924,0.040736339541647903,1.0228426591529327,46,290
train,u,control_forward,emotion_1,mouth,local_mean,288,0.003653262584457909,0.0036900488132336376,0.009969035814323624,0.8759200643824329,27,288
train,u,control_forward,emotion_1,mouth,local_std,288,0.0006553222557524287,0.0006895725487680092,0.04966887541676657,1.0864822843876065,27,288
train,u,control_forward,emotion_1,brows,local_mean,290,0.0018712289977272066,0.0018806909347173137,0.0050310961867476856,0.9373662956193457,5,290
train,u,control_forward,emotion_1,brows,local_std,290,0.00010235853461070697,0.0001035309510088045,0.01132430820613084,0.8553991167793373,5,290
train,u,control_forward,emotion_1,eyes,local_mean,290,0.0036244081722777745,0.0036600800995645714,0.009746214923285645,0.9650338481982061,14,290
train,u,control_forward,emotion_1,eyes,local_std,290,0.00043652413772458004,0.0004437812048211315,0.016352804079380667,0.9521494297183052,14,290
train,u,control_forward,emotion_2,all51,local_mean,249,0.003631340414316881,0.0036972213368162638,0.017819036648780706,1.3447830516542993,47,249
train,u,control_forward,emotion_2,all51,local_std,249,0.0004176944820459264,0.0004306903931870036,0.030174601864022543,1.115737139333506,46,249
train,u,control_forward,emotion_2,mouth,local_mean,247,0.004377082750370578,0.004494101394695408,0.026038274183789456,1.5948099469602548,27,247
train,u,control_forward,emotion_2,mouth,local_std,247,0.0005646241660449086,0.0005869675514720411,0.03806579319606007,1.3127630180314478,27,247
train,u,control_forward,emotion_2,brows,local_mean,249,0.0028930340714730667,0.002891453246107871,-0.0005467234745446525,1.5734818640012045,5,249
train,u,control_forward,emotion_2,brows,local_std,249,0.00011707465912448314,0.00011770084669546542,0.005320161991718364,1.2252949988841346,5,249
train,u,control_forward,emotion_2,eyes,local_mean,249,0.003796426912921055,0.0038128087132837684,0.004296517762781948,0.850343738025593,14,249
train,u,control_forward,emotion_2,eyes,local_std,249,0.0003945405065154957,0.00039907969815925685,0.011374148233292858,0.7032016102636203,14,249
train,u,control_forward,emotion_3,all51,local_mean,296,0.003562876722873108,0.0036594547315974874,0.02639136587494262,1.0196126410941586,47,296
train,u,control_forward,emotion_3,all51,local_std,296,0.0004473914065366768,0.0004645307112670485,0.036895956100776894,0.9707431702919912,46,296
train,u,control_forward,emotion_3,mouth,local_mean,294,0.00446767195920646,0.004638810157707548,0.03689269288520791,1.1047563224892543,27,294
train,u,control_forward,emotion_3,mouth,local_std,294,0.0005806279108866775,0.0006076568415586418,0.04448058315715664,1.04206525541666,27,294
train,u,control_forward,emotion_3,brows,local_mean,296,0.0016719093317782673,0.001680721225921728,0.005242924291997464,0.825431645866766,5,296
train,u,control_forward,emotion_3,brows,local_std,296,0.00010484922796550719,0.00010613629846331999,0.012126581729789754,0.8821995908680073,5,296
train,u,control_forward,emotion_3,eyes,local_mean,296,0.003797959888443914,0.0038194682313838642,0.0056312401719224026,0.9125495480462702,14,296
train,u,control_forward,emotion_3,eyes,local_std,296,0.0004776834673649771,0.00048782427928006374,0.02078783764115344,0.8735403653336791,14,296
train,u,control_forward,emotion_4,all51,local_mean,308,0.0028922441805107136,0.0029220249409937027,0.01019182282299802,0.8924982137839774,47,308
train,u,control_forward,emotion_4,all51,local_std,308,0.00044783328564042485,0.0004671989839902059,0.0414506431165248,0.9666172308500977,46,308
train,u,control_forward,emotion_4,mouth,local_mean,304,0.0032725834751909113,0.003322624094855884,0.01506057207688527,0.7673196925041931,27,304
train,u,control_forward,emotion_4,mouth,local_std,304,0.0005674511286756874,0.0006015165473822909,0.05663255459031202,0.8566365012662037,27,304
train,u,control_forward,emotion_4,brows,local_mean,308,0.0016071806552517079,0.0016159331259033866,0.005416356971323144,0.9073194623625626,5,308
train,u,control_forward,emotion_4,brows,local_std,308,9.194007418826641e-05,9.296505878572382e-05,0.011025482163356748,0.9457168650526697,5,308
train,u,control_forward,emotion_4,eyes,local_mean,308,0.0036655024388177054,0.0036769107563092117,0.0031026908858015068,1.1455783390368488,14,308
train,u,control_forward,emotion_4,eyes,local_std,308,0.000510558972481164,0.0005159800419604913,0.01050635497204433,1.1717697654855483,14,308
train,u,control_forward,emotion_5,all51,local_mean,300,0.004173933789340542,0.004320503887288018,0.03392430646312372,0.9421124684482239,47,300
train,u,control_forward,emotion_5,all51,local_std,300,0.0005592204885340058,0.000574656239900193,0.026860843569484483,0.9581992289865517,46,300
train,u,control_forward,emotion_5,mouth,local_mean,299,0.005282171779030946,0.00554998825096848,0.048255322322673266,0.893562538423186,27,299
train,u,control_forward,emotion_5,mouth,local_std,299,0.0006899734884493442,0.00071489483737733,0.03486016071876041,0.86095406766195,27,299
train,u,control_forward,emotion_5,brows,local_mean,300,0.0018151523820646347,0.0018402984016435756,0.013664099015943787,0.936925941561602,5,300
train,u,control_forward,emotion_5,brows,local_std,300,0.00011627430506955717,0.00011722395949505647,0.008101197311453645,1.1350011328523675,5,300
train,u,control_forward,emotion_5,eyes,local_mean,300,0.004396439837055629,0.0044066074749878606,0.0023073618401329155,1.0080128419024839,14,300
train,u,control_forward,emotion_5,eyes,local_std,300,0.0006687806422415351,0.0006767628545209773,0.011794696216139267,1.085513117913714,14,300
train,u,control_forward,emotion_6,all51,local_mean,280,0.002973202390124878,0.0029957094712124276,0.007513105427556899,0.893210765910729,47,280
train,u,control_forward,emotion_6,all51,local_std,280,0.0003914896707132059,0.00040604480926755384,0.03584613870721143,0.8441430970524354,46,280
train,u,control_forward,emotion_6,mouth,local_mean,279,0.0035828034724407305,0.003617530672172646,0.009599697384475414,0.9734256521947814,27,279
train,u,control_forward,emotion_6,mouth,local_std,279,0.0004961654666592737,0.0005204593867178157,0.04667784015146159,0.8834579033318667,27,279
train,u,control_forward,emotion_6,brows,local_mean,280,0.0016152046389951817,0.0016222291852789738,0.00433018117756534,0.7863219646510943,5,280
train,u,control_forward,emotion_6,brows,local_std,280,9.602410280882185e-05,9.73938378581133e-05,0.01406387795588182,0.805836375007974,5,280
train,u,control_forward,emotion_6,eyes,local_mean,280,0.0033489952869704253,0.00336107404778454,0.0035937205317081444,0.8064558400716125,14,280
train,u,control_forward,emotion_6,eyes,local_std,280,0.0004364817088972407,0.00044214686469221933,0.012812837198160731,0.7788128352563388,14,280
train,u,control_forward,emotion_7,all51,local_mean,301,0.002730315945029199,0.002739603826195742,0.003390227841607474,0.9274276291803879,47,301
train,u,control_forward,emotion_7,all51,local_std,301,0.0004055465595669943,0.000419818168389623,0.03399473843014711,0.9686080218092082,46,301
train,u,control_forward,emotion_7,mouth,local_mean,301,0.003068837265245345,0.0030753515756519814,0.0021182327439279725,0.7731673100847718,27,301
train,u,control_forward,emotion_7,mouth,local_std,301,0.0005002582890034613,0.0005248227501788267,0.04680525218656273,0.8015547154405445,27,301
train,u,control_forward,emotion_7,brows,local_mean,301,0.0019368195129231052,0.0019471367272655253,0.005298659409968098,1.0669471929633927,5,301
train,u,control_forward,emotion_7,brows,local_std,301,0.00010190037483423721,0.00010276622480015866,0.008425433235532354,1.0777685827308812,5,301
train,u,control_forward,emotion_7,eyes,local_mean,301,0.003335957281042574,0.0033535436955572473,0.005244128632637679,1.2158115614135414,14,301
train,u,control_forward,emotion_7,eyes,local_std,301,0.00047617124762139925,0.00048047712724646016,0.008961674512452333,1.251796340905319,14,301
train,u,control_reverse,all,all51,local_mean,2024,0.003405567135221212,0.0033495157389933756,-0.016734179086043355,1.0148786509844012,47,2024
train,u,control_reverse,all,all51,local_std,2024,0.0004834431846232646,0.0004669658742275885,-0.03528589840302865,1.0264772568219278,46,2024
train,u,control_reverse,all,mouth,local_mean,2012,0.004136635603815637,0.004046264106734717,-0.022334552243019168,1.0186319942118904,27,2012
train,u,control_reverse,all,mouth,local_std,2012,0.0006325555769490356,0.0006073674921248295,-0.04147091365737632,1.035163543635197,27,2012
train,u,control_reverse,all,brows,local_mean,2024,0.0019181247616206771,0.001903643756066237,-0.007606993434719156,1.0059605334342383,5,2024
train,u,control_reverse,all,brows,local_std,2024,0.00010676021512147275,0.00010511421204768097,-0.01565918672391442,1.0109081501195607,5,2024
train,u,control_reverse,all,eyes,local_mean,2024,0.0037536349927391726,0.003728440383474805,-0.0067574123958198395,1.007533425544667,14,2024
train,u,control_reverse,all,eyes,local_std,2024,0.0005065019312828229,0.0004954737290522789,-0.02225789498797104,1.0140498056150562,14,2024
train,u,control_reverse,emotion_1,all51,local_mean,290,0.0032023474466150777,0.0031588237609159386,-0.013778446976895786,0.9628034263306929,47,290
train,u,control_reverse,emotion_1,all51,local_std,290,0.0005124486797280536,0.0004967032988924,-0.03169977101171706,1.0839548808523722,46,290
train,u,control_reverse,emotion_1,mouth,local_mean,288,0.0037585213424807043,0.0036900488132336376,-0.018555995520033175,0.8997440947258138,27,288
train,u,control_reverse,emotion_1,mouth,local_std,288,0.000713035163376601,0.0006895725487680092,-0.03402486750742928,1.168916026646131,27,288
train,u,control_reverse,emotion_1,brows,local_mean,290,0.001881557127621245,0.0018806909347173137,-0.00046057163776436205,0.941999266173028,5,290
train,u,control_reverse,emotion_1,brows,local_std,290,0.0001053438455339754,0.0001035309510088045,-0.01751065268411134,0.8808411792650669,5,290
train,u,control_reverse,emotion_1,eyes,local_mean,290,0.0036856874553113546,0.0036600800995645714,-0.00699639216907566,0.9800296400869476,14,290
train,u,control_reverse,emotion_1,eyes,local_std,290,0.0004550981284983705,0.0004437812048211315,-0.02550113333844406,0.9848520524608654,14,290
train,u,control_reverse,emotion_2,all51,local_mean,249,0.0037356816793143546,0.0036972213368162638,-0.010402499335138371,1.3716661110776327,47,249
train,u,control_reverse,emotion_2,all51,local_std,249,0.00044709666904404387,0.0004306903931870036,-0.03809296914109894,1.159628612027109,46,249
train,u,control_reverse,emotion_2,mouth,local_mean,247,0.00454952345152928,0.004494101394695408,-0.012332177662766952,1.6318856368200896,27,247
train,u,control_reverse,emotion_2,mouth,local_std,247,0.0006097577074674326,0.0005869675514720411,-0.038826943564830074,1.3688077795351072,27,247
train,u,control_reverse,emotion_2,brows,local_mean,249,0.002902990532712014,0.002891453246107871,-0.003990134241206533,1.580659463589481,5,249
train,u,control_reverse,emotion_2,brows,local_std,249,0.00011899660202268444,0.00011770084669546542,-0.01100888705220271,1.2437845356343407,5,249
train,u,control_reverse,emotion_2,eyes,local_mean,249,0.0038429022109337054,0.0038128087132837684,-0.007892737326447019,0.8658023993495421,14,249
train,u,control_reverse,emotion_2,eyes,local_std,249,0.00041453222042927114,0.00039907969815925685,-0.03872039179464304,0.7330662349065451,14,249
train,u,control_reverse,emotion_3,all51,local_mean,296,0.0037305561198483824,0.0036594547315974874,-0.01942950342764771,1.0590549044082418,47,296
train,u,control_reverse,emotion_3,all51,local_std,296,0.00048170141078744227,0.0004645307112670485,-0.03696353998545998,1.0234121095324478,46,296
train,u,control_reverse,emotion_3,mouth,local_mean,294,0.00475771650041543,0.004638810157707548,-0.02563294005690553,1.160372734742558,27,294
train,u,control_reverse,emotion_3,mouth,local_std,294,0.0006335751706732158,0.0006076568415586418,-0.042652904307130646,1.1083206602714917,27,294
train,u,control_reverse,emotion_3,brows,local_mean,296,0.0016961924037297855,0.001680721225921728,-0.009205082657043784,0.8373034882470666,5,296
train,u,control_reverse,emotion_3,brows,local_std,296,0.00010825547115919808,0.00010613629846331999,-0.019966521600623288,0.9115953233028504,5,296
train,u,control_reverse,emotion_3,eyes,local_mean,296,0.003844578455612214,0.0038194682313838642,-0.006574272308910389,0.9265855868225517,14,296
train,u,control_reverse,emotion_3,eyes,local_std,296,0.0004998871402654516,0.00048782427928006374,-0.024727881529780227,0.9089133297252098,14,296
train,u,control_reverse,emotion_4,all51,local_mean,308,0.0029980194006363993,0.0029220249409937027,-0.026007464404753877,0.9183730133259859,47,308
train,u,control_reverse,emotion_4,all51,local_std,308,0.00048701998219058623,0.0004671989839902059,-0.04242517402562651,1.0257972747487658,46,308
train,u,control_reverse,emotion_4,mouth,local_mean,304,0.0034487826295122154,0.003322624094855884,-0.037969547879837195,0.7990594891869113,27,304
train,u,control_reverse,emotion_4,mouth,local_std,304,0.0006337932774036996,0.0006015165473822909,-0.053658922870654324,0.9369474143306359,27,304
train,u,control_reverse,emotion_4,brows,local_mean,308,0.0016350409796611093,0.0016159331259033866,-0.011824656262950484,0.9234401745085764,5,308
train,u,control_reverse,emotion_4,brows,local_std,308,9.485327751887848e-05,9.296505878572382e-05,-0.02031105834619895,0.9744329674975369,5,308
train,u,control_reverse,emotion_4,eyes,local_mean,308,0.0037051933727894454,0.0036769107563092117,-0.0076919507583108615,1.162372334268225,14,308
train,u,control_reverse,emotion_4,eyes,local_std,308,0.0005259919577219082,0.0005159800419604913,-0.019403688025172894,1.2028205075842673,14,308
train,u,control_reverse,emotion_5,all51,local_mean,300,0.004359524897681501,0.004320503887288018,-0.009031587845179878,0.9798688067157775,47,300
train,u,control_reverse,emotion_5,all51,local_std,300,0.0005881475285756294,0.000574656239900193,-0.023477146402829385,0.9990808096997497,46,300
train,u,control_reverse,emotion_5,mouth,local_mean,299,0.005607607551153929,0.00554998825096848,-0.010381877867109646,0.9421146821619305,27,299
train,u,control_reverse,emotion_5,mouth,local_std,299,0.0007350676720235357,0.00071489483737733,-0.028217905056094672,0.9109682732675458,27,299
train,u,control_reverse,emotion_5,brows,local_mean,300,0.0018540614150611308,0.0018402984016435756,-0.007478685742085878,0.956268427974999,5,300
train,u,control_reverse,emotion_5,brows,local_std,300,0.00011867252499310965,0.00011722395949505647,-0.012357247650504943,1.1574447216206447,5,300
train,u,control_reverse,emotion_5,eyes,local_mean,300,0.004432917989005034,0.0044066074749878606,-0.005970696089114602,1.0214816042655563,14,300
train,u,control_reverse,emotion_5,eyes,local_std,300,0.0006865758585071438,0.0006767628545209773,-0.014499915177986766,1.1156880344874858,14,300
train,u,control_reverse,emotion_6,all51,local_mean,280,0.003053015430436803,0.0029957094712124276,-0.01912934474289396,0.918436914168329,47,280
train,u,control_reverse,emotion_6,all51,local_std,280,0.00042283101264300234,0.00040604480926755384,-0.04134076582761481,0.8912948099190373,46,280
train,u,control_reverse,emotion_6,mouth,local_mean,279,0.0037132305380433777,0.003617530672172646,-0.026454472551370456,1.0092914903943089,27,279
train,u,control_reverse,emotion_6,mouth,local_std,279,0.0005467938231004044,0.0005204593867178157,-0.05059844640071187,0.9464845056618124,27,279
train,u,control_reverse,emotion_6,brows,local_mean,280,0.0016357748158679565,0.0016222291852789738,-0.008350010412772502,0.7960441180376636,5,280
train,u,control_reverse,emotion_6,brows,local_std,280,9.914526880956403e-05,9.73938378581133e-05,-0.01798297500096746,0.8331577547715012,5,280
train,u,control_reverse,emotion_6,eyes,local_mean,280,0.003380984498201363,0.00336107404778454,-0.005923835694708002,0.817232710436795,14,280
train,u,control_reverse,emotion_6,eyes,local_std,280,0.00045211687001918936,0.00044214686469221933,-0.02254908068591699,0.8025103592889895,14,280
train,u,control_reverse,emotion_7,all51,local_mean,301,0.002802877100738197,0.002739603826195742,-0.023095775358993098,0.9498153372328481,47,301
train,u,control_reverse,emotion_7,all51,local_std,301,0.00043564486293645217,0.000419818168389623,-0.037698927151101236,1.0177182499473898,46,301
train,u,control_reverse,emotion_7,mouth,local_mean,301,0.0031789363698070104,0.0030753515756519814,-0.03368226090802917,0.7971336752995518,27,301
train,u,control_reverse,emotion_7,mouth,local_std,301,0.0005496763220459883,0.0005248227501788267,-0.047356125203591226,0.8667067565175598,27,301
train,u,control_reverse,emotion_7,brows,local_mean,301,0.001973047713168748,0.0019471367272655253,-0.013307224675285667,1.0872619213758168,5,301
train,u,control_reverse,emotion_7,brows,local_std,301,0.00010392672622528745,0.00010276622480015866,-0.011292634592596107,1.0978626145284782,5,301
train,u,control_reverse,emotion_7,eyes,local_mean,301,0.0033750145344287135,0.0033535436955572473,-0.006402433014339515,1.2355634796780635,14,301
train,u,control_reverse,emotion_7,eyes,local_std,301,0.0004897851531912961,0.00048047712724646016,-0.01937246419653471,1.2803317142116737,14,301
train,hidden,forward,all,all51,local_mean,2024,0.0032281216764911175,0.0033523297039293604,0.03705125641211693,0.9686548111677992,47,2024
train,hidden,forward,all,all51,local_std,2024,0.0004399335204129023,0.0004671363334592506,0.058233134735860226,0.9572571468262916,46,2024
train,hidden,forward,all,mouth,local_mean,2013,0.003866417481161392,0.0040471312880659355,0.044652321370800885,0.9626339229546983,27,2013
train,hidden,forward,all,mouth,local_std,2013,0.0005623423520964628,0.000607086553698554,0.07370316691993262,0.9445519959412836,27,2013
train,hidden,forward,all,brows,local_mean,2024,0.0018755866199808846,0.0019073115103265593,0.016633303041432845,0.9836570435396572,5,2024
train,hidden,forward,all,brows,local_std,2024,0.00010352929335590653,0.00010554577829015203,0.0191053111447248,0.9814206726030548,5,2024
train,hidden,forward,all,eyes,local_mean,2024,0.0036391346135580195,0.0037329250177145076,0.025125177631859175,0.9740556336212708,14,2024
train,hidden,forward,all,eyes,local_std,2024,0.00048355449362950703,0.0004959479018274551,0.02498933487223398,0.9708295457273655,14,2024
train,hidden,forward,emotion_1,all51,local_mean,290,0.0030780151597721247,0.003157108006850888,0.025052309552645258,0.9245350414657894,47,290
train,hidden,forward,emotion_1,all51,local_std,290,0.0004628319915665082,0.0004966279168478516,0.0680507964510928,0.9973570416677643,46,290
train,hidden,forward,emotion_1,mouth,local_mean,289,0.0036018691639575244,0.003674942258760623,0.01988414773834901,0.8610291541112113,27,289
train,hidden,forward,emotion_1,mouth,local_std,289,0.0006310422129329107,0.0006870369817164978,0.08150182635538683,1.0507142135059673,27,289
train,hidden,forward,emotion_1,brows,local_mean,290,0.0018495135169895051,0.001884419001501334,0.018523207675161024,0.9267913123139653,5,290
train,hidden,forward,emotion_1,brows,local_std,290,0.00010124171129643446,0.00010353923173484399,0.02218985402840634,0.8461239289123149,5,290
train,hidden,forward,emotion_1,eyes,local_mean,290,0.0035303435134377203,0.0036649336615662,0.036723761071015604,0.941393597011261,14,290
train,hidden,forward,emotion_1,eyes,local_std,290,0.00043020623261159517,0.00044421824298939073,0.031543077302501055,0.9357773450686534,14,290
train,hidden,forward,emotion_2,all51,local_mean,249,0.0035344280299127043,0.0037030816985740614,0.0455441392843966,1.3054163389133935,47,249
train,hidden,forward,emotion_2,all51,local_std,249,0.0004065985140519224,0.000430770004561677,0.05611228788863776,1.0886735302423185,46,249
train,hidden,forward,emotion_2,mouth,local_mean,247,0.004237775044687689,0.004501325993240603,0.05854962492133964,1.5383322904491301,27,247
train,hidden,forward,emotion_2,mouth,local_std,247,0.0005467992203498515,0.0005870163931458526,0.06851115789198847,1.2742288972490512,27,247
train,hidden,forward,emotion_2,brows,local_mean,249,0.002857676281522125,0.002899769517811627,0.014516062752900627,1.5544342897498695,5,249
train,hidden,forward,emotion_2,brows,local_std,249,0.00011632762829041943,0.00011793638904329829,0.013640919193212087,1.217256809090166,5,249
train,hidden,forward,emotion_2,eyes,local_mean,249,0.0037215938689119073,0.0038169763885687706,0.024989025329713477,0.8335374966459926,14,249
train,hidden,forward,emotion_2,eyes,local_std,249,0.0003886372780932302,0.0003990723157610273,0.026148237438865074,0.6914582293755659,14,249
train,hidden,forward,emotion_3,all51,local_mean,296,0.00347227199726165,0.0036642225633254934,0.05238507288968752,1.0012225415988218,47,296
train,hidden,forward,emotion_3,all51,local_std,296,0.0004368985643381495,0.0004645752608346299,0.05957419352627158,0.9542365294211558,46,296
train,hidden,forward,emotion_3,mouth,local_mean,294,0.004343052776432846,0.004649297967304468,0.06586912540887846,1.0843071256736216,27,294
train,hidden,forward,emotion_3,mouth,local_std,294,0.0005642994935213739,0.0006078070488539897,0.07158119573415367,1.022036635640639,27,294
train,hidden,forward,emotion_3,brows,local_mean,296,0.0016586849579788615,0.0016811085915605756,0.013338599121011097,0.818960996507759,5,296
train,hidden,forward,emotion_3,brows,local_std,296,0.00010387112634149836,0.00010601617988082827,0.020233265731147365,0.8739379111938377,5,296
train,hidden,forward,emotion_3,eyes,local_mean,296,0.0037120586874263735,0.003816608591688758,0.027393404838541136,0.8932166656694823,14,296
train,hidden,forward,emotion_3,eyes,local_std,296,0.0004711385903114691,0.0004877417381589546,0.03404085922635258,0.8606317389465534,14,296
train,hidden,forward,emotion_4,all51,local_mean,308,0.0028542914369330498,0.00292281141931822,0.023443175954592776,0.8788327807955549,47,308
train,hidden,forward,emotion_4,all51,local_std,308,0.00043706748660457567,0.00046710807008699164,0.06431184859816574,0.9477372303257328,46,308
train,hidden,forward,emotion_4,mouth,local_mean,304,0.0032497567643578807,0.0033223129706724864,0.021839064216734316,0.7593897647826885,27,304
train,hidden,forward,emotion_4,mouth,local_std,304,0.0005491733579676256,0.0006013926942276656,0.08683067945662737,0.8334390287779762,27,304
train,hidden,forward,emotion_4,brows,local_mean,308,0.0015964749710878946,0.00161830046964435,0.013486678750857628,0.9011760574762118,5,308
train,hidden,forward,emotion_4,brows,local_std,308,9.11846871995736e-05,9.306764369016841e-05,0.020232128116011605,0.9379176400162332,5,308
train,hidden,forward,emotion_4,eyes,local_mean,308,0.0035781179315048837,0.00367934221684676,0.027511516835372563,1.1181181698536213,14,308
train,hidden,forward,emotion_4,eyes,local_std,308,0.0005065426635026353,0.0005158527990272247,0.01804804692762374,1.1570819847769844,14,308
train,hidden,forward,emotion_5,all51,local_mean,300,0.004080925329834697,0.004326692392138845,0.056802527203154374,0.9281375656437933,47,300
train,hidden,forward,emotion_5,all51,local_std,300,0.0005487172038561258,0.0005755376189543682,0.04660062907263918,0.9475816781814056,46,300
train,hidden,forward,emotion_5,mouth,local_mean,299,0.0051390135257913935,0.005554197705313913,0.07475142253674127,0.877186040623051,27,299
train,hidden,forward,emotion_5,mouth,local_std,299,0.0006724891057771376,0.0007150100415571763,0.059469005061012825,0.8448298075957558,27,299
train,hidden,forward,emotion_5,brows,local_mean,300,0.0018101408176170557,0.0018461426646206565,0.019501118572002873,0.935314280187034,5,300
train,hidden,forward,emotion_5,brows,local_std,300,0.00011794445509943288,0.00011993379692286428,0.01658699944862796,1.152021062320083,5,300
train,hidden,forward,emotion_5,eyes,local_mean,300,0.004335021797712071,0.0044189728994748646,0.0189978765818567,0.995004339711376,14,300
train,hidden,forward,emotion_5,eyes,local_std,300,0.0006635080804223041,0.0006787843546045163,0.022505342202698175,1.0755348139577396,14,300
train,hidden,forward,emotion_6,all51,local_mean,280,0.0029251732309714643,0.0029962669030508373,0.023727416274893387,0.8797312454002679,47,280
train,hidden,forward,emotion_6,all51,local_std,280,0.0003824308047851671,0.00040611135194167645,0.058310478255013676,0.8286507269160274,46,280
train,hidden,forward,emotion_6,mouth,local_mean,279,0.00351665367914587,0.0036172724061947956,0.027816187378260526,0.9560309752376903,27,279
train,hidden,forward,emotion_6,mouth,local_std,279,0.0004813036348969262,0.0005201551497697541,0.07469216615470498,0.8631316031770447,27,279
train,hidden,forward,emotion_6,brows,local_mean,280,0.001598512948120765,0.0016246768924423373,0.016104090876950194,0.7786611433218318,5,280
train,hidden,forward,emotion_6,brows,local_std,280,9.519906710590561e-05,9.738520502957921e-05,0.02244835776655807,0.7991986538410474,5,280
train,hidden,forward,emotion_6,eyes,local_mean,280,0.0033079798233512426,0.0033627268166638653,0.016280535499144988,0.7978510740508463,14,280
train,hidden,forward,emotion_6,eyes,local_std,280,0.000432363780166744,0.00044297700034686696,0.02395885152459931,0.7694681929275065,14,280
train,hidden,forward,emotion_7,all51,local_mean,301,0.0026936243190983237,0.002743150861897278,0.0180546186820727,0.9155651833409185,47,301
train,hidden,forward,emotion_7,all51,local_std,301,0.0003964338549751236,0.0004200800161992192,0.05628965985585377,0.9518984299751759,46,301
train,hidden,forward,emotion_7,mouth,local_mean,301,0.0030329992419498995,0.00307703850191137,0.014312222591337243,0.7651977872064546,27,301
train,hidden,forward,emotion_7,mouth,local_std,301,0.0004862253791531776,0.0005252111466858976,0.07422875119601269,0.7831566681783544,27,301
train,hidden,forward,emotion_7,brows,local_mean,301,0.0019101531408624586,0.0019504231212891438,0.02064679196382202,1.051508812459487,5,301
train,hidden,forward,emotion_7,brows,local_std,301,0.0001008232613223879,0.0001027857049765555,0.019092573764174836,1.0663666441550381,5,301
train,hidden,forward,emotion_7,eyes,local_mean,301,0.0032809348217666015,0.003362037969466198,0.02412320992093775,1.1968820287395427,14,301
train,hidden,forward,emotion_7,eyes,local_std,301,0.0004704231220570076,0.00048067499379879293,0.021328073800478742,1.2364474655190953,14,301
train,hidden,control_forward,all,all51,local_mean,2024,0.003225669228197242,0.0033495157389933756,0.03697445256171661,0.9677499282800288,47,2024
train,hidden,control_forward,all,all51,local_std,2024,0.00043978789629342367,0.0004669658742275885,0.05820120791293393,0.9564141598333031,46,2024
train,hidden,control_forward,all,mouth,local_mean,2012,0.003866074993702164,0.004046264106734717,0.04453221744291025,0.962331104582916,27,2012
train,hidden,control_forward,all,mouth,local_std,2012,0.0005626401533000034,0.0006073674921248295,0.07364131173426958,0.9447432997456656,27,2012
train,hidden,control_forward,all,brows,local_mean,2024,0.0018720505691312403,0.001903643756066237,0.016596165555829656,0.9818403814409595,5,2024
train,hidden,control_forward,all,brows,local_std,2024,0.00010310241857684863,0.00010511421204768097,0.019139119550453998,0.9772147032066526,5,2024
train,hidden,control_forward,all,eyes,local_mean,2024,0.0036348040094466984,0.003728440383474805,0.02511408642689361,0.9728291076194375,14,2024
train,hidden,control_forward,all,eyes,local_std,2024,0.0004830964517601187,0.0004954737290522789,0.024980693357516515,0.9698295733253114,14,2024
train,hidden,control_forward,emotion_1,all51,local_mean,290,0.0030795777117248167,0.0031588237609159386,0.02508720181595181,0.9252613781010184,47,290
train,hidden,control_forward,emotion_1,all51,local_std,290,0.0004629317772050642,0.0004967032988924,0.06799133761068832,0.9982164961838532,46,290
train,hidden,control_forward,emotion_1,mouth,local_mean,288,0.0036165344378456432,0.0036900488132336376,0.01992233141316435,0.8646814206391791,27,288
train,hidden,control_forward,emotion_1,mouth,local_std,288,0.0006334383631658768,0.0006895725487680092,0.0814043217097632,1.0547616767000707,27,288
train,hidden,control_forward,emotion_1,brows,local_mean,290,0.0018459238530467645,0.0018806909347173137,0.01848633447886272,0.9250962150593272,5,290
train,hidden,control_forward,emotion_1,brows,local_std,290,0.0001012342563839918,0.0001035309510088045,0.02218365235162756,0.8461640003863413,5,290
train,hidden,control_forward,emotion_1,eyes,local_mean,290,0.003525818798961195,0.0036600800995645714,0.03668261266176909,0.940424559486028,14,290
train,hidden,control_forward,emotion_1,eyes,local_std,290,0.0004297624446100392,0.0004437812048211315,0.03158935092066961,0.9358278765991956,14,290
train,hidden,control_forward,emotion_2,all51,local_mean,249,0.0035292371692731655,0.0036972213368162638,0.0454352477819876,1.3043144139975769,47,249
train,hidden,control_forward,emotion_2,all51,local_std,249,0.0004064398543382254,0.0004306903931870036,0.05630619868098319,1.088321829991261,46,249
train,hidden,control_forward,emotion_2,mouth,local_mean,247,0.004231607734330554,0.004494101394695408,0.058408486438398355,1.5374326510804548,27,247
train,hidden,control_forward,emotion_2,mouth,local_std,247,0.0005466167847465732,0.0005869675514720411,0.06874445891305792,1.2739558074489608,27,247
train,hidden,control_forward,emotion_2,brows,local_mean,249,0.00284961831172473,0.002891453246107871,0.014468480318488353,1.5508050920167664,5,249
train,hidden,control_forward,emotion_2,brows,local_std,249,0.00011609485319648538,0.00011770084669546542,0.013644706423695752,1.2152553996875581,5,249
train,hidden,control_forward,emotion_2,eyes,local_mean,249,0.003717688056139768,0.0038128087132837684,0.024947660451100417,0.8329199332593491,14,249
train,hidden,control_forward,emotion_2,eyes,local_std,249,0.00038861976901941205,0.00039907969815925685,0.02621012591743177,0.6916330334333338,14,249
train,hidden,control_forward,emotion_3,all51,local_mean,296,0.003468352667546973,0.0036594547315974874,0.052221458678105126,0.9995053893418897,47,296
train,hidden,control_forward,emotion_3,all51,local_std,296,0.00043696860273446356,0.0004645307112670485,0.05933323215037145,0.9531097296619283,46,296
train,hidden,control_forward,emotion_3,mouth,local_mean,294,0.004334190060232202,0.004638810157707548,0.06566772235100171,1.081132524778381,27,294
train,hidden,control_forward,emotion_3,mouth,local_std,294,0.0005643761859875638,0.0006076568415586418,0.07122548881382296,1.0196373587541643,27,294
train,hidden,control_forward,emotion_3,brows,local_mean,296,0.0016582647287349517,0.001680721225921728,0.013361226621304123,0.8187640035015358,5,296
train,hidden,control_forward,emotion_3,brows,local_std,296,0.00010400210604174229,0.00010613629846331999,0.020108035163062143,0.8749748627798584,5,296
train,hidden,control_forward,emotion_3,eyes,local_mean,296,0.0037149081032858172,0.0038194682313838642,0.027375572138261473,0.8936058211325446,14,296
train,hidden,control_forward,emotion_3,eyes,local_std,296,0.0004712000442943283,0.00048782427928006374,0.03407832633970098,0.8611549691723944,14,296
train,hidden,control_forward,emotion_4,all51,local_mean,308,0.0028535502688892557,0.0029220249409937027,0.023433979342134093,0.8786381937007366,47,308
train,hidden,control_forward,emotion_4,all51,local_std,308,0.0004371802671966496,0.0004671989839902059,0.06425253012576237,0.9478568779785078,46,308
train,hidden,control_forward,emotion_4,mouth,local_mean,304,0.003249981777270861,0.003322624094855884,0.021862935893798174,0.7595876985827037,27,304
train,hidden,control_forward,emotion_4,mouth,local_std,304,0.0005493135742678974,0.0006015165473822909,0.08678559773887018,0.8336701276509496,27,304
train,hidden,control_forward,emotion_4,brows,local_mean,308,0.0015939893838413243,0.0016159331259033866,0.01357961026375687,0.8998627636222949,5,308
train,hidden,control_forward,emotion_4,brows,local_std,308,9.1102892088463e-05,9.296505878572382e-05,0.020030823640449058,0.9371442269076582,5,308
train,hidden,control_forward,emotion_4,eyes,local_mean,308,0.003575973317614484,0.0036769107563092117,0.02745169665092617,1.1176773737873704,14,308
train,hidden,control_forward,emotion_4,eyes,local_std,308,0.0005067098182804887,0.0005159800419604913,0.017966244672526388,1.1573690909464744,14,308
train,hidden,control_forward,emotion_5,all51,local_mean,300,0.004075240601458946,0.004320503887288018,0.05676728738763481,0.9260739852719445,47,300
train,hidden,control_forward,emotion_5,all51,local_std,300,0.0005478411952776809,0.000574656239900193,0.046662757246261455,0.9428408633847566,46,300
train,hidden,control_forward,emotion_5,mouth,local_mean,299,0.005136096700745203,0.00554998825096848,0.07457521196572847,0.875539356563209,27,299
train,hidden,control_forward,emotion_5,mouth,local_std,299,0.0006723557780753058,0.00071489483737733,0.059503939709626974,0.8442890771706292,27,299
train,hidden,control_forward,emotion_5,brows,local_mean,300,0.0018044856485421202,0.0018402984016435756,0.01946029680266581,0.9319331391248805,5,300
train,hidden,control_forward,emotion_5,brows,local_std,300,0.00011522409250946512,0.00011722395949505647,0.017060223816068087,1.124734254339933,5,300
train,hidden,control_forward,emotion_5,eyes,local_mean,300,0.004321939406207686,0.0044066074749878606,0.019213889428717046,0.9926485880855875,14,300
train,hidden,control_forward,emotion_5,eyes,local_std,300,0.0006615447391498546,0.0006767628545209773,0.0224866292076481,1.0707425007431008,14,300
train,hidden,control_forward,emotion_6,all51,local_mean,280,0.0029247155300232085,0.0029957094712124276,0.023698540152655823,0.8795128521504835,47,280
train,hidden,control_forward,emotion_6,all51,local_std,280,0.000382354555920005,0.00040604480926755384,0.05834393841970942,0.8285810896237574,46,280
train,hidden,control_forward,emotion_6,mouth,local_mean,279,0.0035169811404298017,0.003617530672172646,0.027795073727033714,0.9562167459751633,27,279
train,hidden,control_forward,emotion_6,mouth,local_std,279,0.00048157131405340977,0.0005204593867178157,0.0747187458941736,0.8635652066443945,27,279
train,hidden,control_forward,emotion_6,brows,local_mean,280,0.0015961296491464553,0.0016222291852789738,0.01608868609279157,0.7773424791751011,5,280
train,hidden,control_forward,emotion_6,brows,local_std,280,9.520638807495727e-05,9.73938378581133e-05,0.02245983761665482,0.7992699210499986,5,280
train,hidden,control_forward,emotion_6,eyes,local_mean,280,0.003306534385323079,0.00336107404778454,0.016226855370059856,0.7972288519560402,14,280
train,hidden,control_forward,emotion_6,eyes,local_std,280,0.0004315690072531502,0.00044214686469221933,0.023923854908328823,0.7683806834028856,14,280
train,hidden,control_forward,emotion_7,all51,local_mean,301,0.0026906263291230086,0.002739603826195742,0.01787758383325977,0.9138399103499718,47,301
train,hidden,control_forward,emotion_7,all51,local_std,301,0.00039624950176520826,0.000419818168389623,0.056140177817509906,0.9514683635683522,46,301
train,hidden,control_forward,emotion_7,mouth,local_mean,301,0.0030318832862067206,0.0030753515756519814,0.014134413050334027,0.7644442062007155,27,301
train,hidden,control_forward,emotion_7,mouth,local_std,301,0.000485969084691789,0.0005248227501788267,0.07403197646024073,0.783384859639032,27,301
train,hidden,control_forward,emotion_7,brows,local_mean,301,0.0019073102613498135,0.0019471367272655253,0.02045386200056032,1.050062623317304,5,301
train,hidden,control_forward,emotion_7,brows,local_std,301,0.0001008119994579046,0.00010276622480015866,0.019016221974236025,1.0666032198991622,5,301
train,hidden,control_forward,emotion_7,eyes,local_mean,301,0.003273181087348629,0.0033535436955572473,0.02396348922337943,1.1930741496149662,14,301
train,hidden,control_forward,emotion_7,eyes,local_std,301,0.000470249853894967,0.00048047712724646016,0.021285661213685803,1.2345098153138947,14,301
train,hidden,control_reverse,all,all51,local_mean,2024,0.0034860721423684246,0.0033495157389933756,-0.04076899886909868,1.0377807722673096,47,2024
train,hidden,control_reverse,all,all51,local_std,2024,0.0004935992438676999,0.0004669658742275885,-0.05703493790454339,1.0453976111586931,46,2024
train,hidden,control_reverse,all,mouth,local_mean,2012,0.004233559445854414,0.004046264106734717,-0.0462884612025094,1.0407721188010752,27,2012
train,hidden,control_reverse,all,mouth,local_std,2012,0.0006493171279864504,0.0006073674921248295,-0.06906796363905343,1.0605711137644247,27,2012
train,hidden,control_reverse,all,brows,local_mean,2024,0.0019582375826616627,0.001903643756066237,-0.028678594102207633,1.0267932294589144,5,2024
train,hidden,control_reverse,all,brows,local_std,2024,0.00010786318690632544,0.00010511421204768097,-0.026152266235868415,1.0217511880093748,5,2024
train,hidden,control_reverse,all,eyes,local_mean,2024,0.0038458596237038625,0.003728440383474805,-0.03149285710708516,1.033608676873127,14,2024
train,hidden,control_reverse,all,eyes,local_std,2024,0.0005109503549785647,0.0004954737290522789,-0.031236017206984545,1.0234955120690128,14,2024
train,hidden,control_reverse,emotion_1,all51,local_mean,290,0.0032908150656295976,0.0031588237609159386,-0.041784953737142416,0.9882685092435575,47,290
train,hidden,control_reverse,emotion_1,all51,local_std,290,0.0005239179173698761,0.0004967032988924,-0.05479049271096459,1.1078067332069088,46,290
train,hidden,control_reverse,emotion_1,mouth,local_mean,288,0.0038586052663804405,0.0036900488132336376,-0.045678651334450704,0.9235913410956955,27,288
train,hidden,control_reverse,emotion_1,mouth,local_std,288,0.0007321865431978926,0.0006895725487680092,-0.06179769555214687,1.2014499641013587,27,288
train,hidden,control_reverse,emotion_1,brows,local_mean,290,0.0019271735945751787,0.0018806909347173137,-0.02471573558408835,0.96531752737881,5,290
train,hidden,control_reverse,emotion_1,brows,local_std,290,0.00010647964821911663,0.0001035309510088045,-0.028481310966238294,0.8911771531551884,5,290
train,hidden,control_reverse,emotion_1,eyes,local_mean,290,0.003798803414409698,0.0036600800995645714,-0.037901715555796134,1.0102086755358348,14,290
train,hidden,control_reverse,emotion_1,eyes,local_std,290,0.00045952258620625245,0.0004437812048211315,-0.03547104116648114,0.9965661445547265,14,290
train,hidden,control_reverse,emotion_2,all51,local_mean,249,0.0038247772693220353,0.0036972213368162638,-0.034500485874511266,1.3993237340131182,47,249
train,hidden,control_reverse,emotion_2,all51,local_std,249,0.0004595515433301446,0.0004306903931870036,-0.06701136268579289,1.182593049299675,46,249
train,hidden,control_reverse,emotion_2,mouth,local_mean,247,0.004644048842059698,0.004494101394695408,-0.03336539036286079,1.655331611638149,27,247
train,hidden,control_reverse,emotion_2,mouth,local_std,247,0.0006296313868484651,0.0005869675514720411,-0.07268516848917539,1.39982900492779,27,247
train,hidden,control_reverse,emotion_2,brows,local_mean,249,0.002969344819970249,0.002891453246107871,-0.026938555540272358,1.6155045323063075,5,249
train,hidden,control_reverse,emotion_2,brows,local_std,249,0.00012020227401910416,0.00011770084669546542,-0.02125241571210479,1.2555874901973647,5,249
train,hidden,control_reverse,emotion_2,eyes,local_mean,249,0.0039595569091012625,0.0038128087132837684,-0.03848821350681075,0.8998324611848155,14,249
train,hidden,control_reverse,emotion_2,eyes,local_std,249,0.00042173718900698334,0.00039907969815925685,-0.05677435096857475,0.7453667558581911,14,249
train,hidden,control_reverse,emotion_3,all51,local_mean,296,0.0038172799074286654,0.0036594547315974874,-0.043128057977720013,1.0834474435460146,47,296
train,hidden,control_reverse,emotion_3,all51,local_std,296,0.0004890806035502961,0.0004645307112670485,-0.05284880350813759,1.0376891739083813,46,296
train,hidden,control_reverse,emotion_3,mouth,local_mean,294,0.004860143532544161,0.004638810157707548,-0.04771339358840976,1.1840070191121064,27,294
train,hidden,control_reverse,emotion_3,mouth,local_std,294,0.0006455171655245388,0.0006076568415586418,-0.06230543520054033,1.127862396916164,27,294
train,hidden,control_reverse,emotion_3,brows,local_mean,296,0.0017337712065749519,0.001680721225921728,-0.03156381905281802,0.8559596288517645,5,296
train,hidden,control_reverse,emotion_3,brows,local_std,296,0.00010901134383293579,0.00010613629846331999,-0.0270882385314144,0.9191302307619243,5,296
train,hidden,control_reverse,emotion_3,eyes,local_mean,296,0.003949352190835273,0.0038194682313838642,-0.0340057703279677,0.9555485814798904,14,296
train,hidden,control_reverse,emotion_3,eyes,local_std,296,0.0005036267715814339,0.00048782427928006374,-0.032393820833787945,0.9155647955420223,14,296
train,hidden,control_reverse,emotion_4,all51,local_mean,308,0.0030840662476215113,0.0029220249409937027,-0.0554551415200113,0.9418713888283107,47,308
train,hidden,control_reverse,emotion_4,all51,local_std,308,0.0004974657223202843,0.0004671989839902059,-0.0647833992950484,1.0450366015805155,46,308
train,hidden,control_reverse,emotion_4,mouth,local_mean,304,0.003557245724954346,0.003322624094855884,-0.07061335360256527,0.8216533959466367,27,304
train,hidden,control_reverse,emotion_4,mouth,local_std,304,0.0006516782503148169,0.0006015165473822909,-0.08339205820824391,0.9639645335790729,27,304
train,hidden,control_reverse,emotion_4,brows,local_mean,308,0.0016738444156341953,0.0016159331259033866,-0.03583767719250974,0.9437257061583951,5,308
train,hidden,control_reverse,emotion_4,brows,local_std,308,9.589373982419389e-05,9.296505878572382e-05,-0.03150303002787758,0.9855844918036964,5,308
train,hidden,control_reverse,emotion_4,eyes,local_mean,308,0.003798091435984012,0.0036769107563092117,-0.03295719904728878,1.1900100930686277,14,308
train,hidden,control_reverse,emotion_4,eyes,local_std,308,0.0005297339427678432,0.0005159800419604913,-0.026655877531799987,1.2105478079309198,14,308
train,hidden,control_reverse,emotion_5,all51,local_mean,300,0.004435880160946296,0.004320503887288018,-0.026704355942773983,1.0003438920612104,47,300
train,hidden,control_reverse,emotion_5,all51,local_std,300,0.0005969157918331936,0.000574656239900193,-0.038735421957423855,1.014222520037111,46,300
train,hidden,control_reverse,emotion_5,mouth,local_mean,299,0.005703102208170627,0.00554998825096848,-0.027588158799332296,0.9626679830081573,27,299
train,hidden,control_reverse,emotion_5,mouth,local_std,299,0.0007498242807480218,0.00071489483737733,-0.0488595546427979,0.9307305817869416,27,299
train,hidden,control_reverse,emotion_5,brows,local_mean,300,0.0018807676003280134,0.0018402984016435756,-0.02199056340444283,0.9701552469588183,5,300
train,hidden,control_reverse,emotion_5,brows,local_std,300,0.00011965958670483645,0.00011722395949505647,-0.020777554522739772,1.1669594700743635,5,300
train,hidden,control_reverse,emotion_5,eyes,local_mean,300,0.004517561247517106,0.0044066074749878606,-0.025178955275463988,1.0446428496193674,14,300
train,hidden,control_reverse,emotion_5,eyes,local_std,300,0.000689770831267347,0.0006767628545209773,-0.01922087871618916,1.1239876138048241,14,300
train,hidden,control_reverse,emotion_6,all51,local_mean,280,0.0031217533383586732,0.0029957094712124276,-0.04207479675765513,0.9371771566422998,47,280
train,hidden,control_reverse,emotion_6,all51,local_std,280,0.00043250569773663,0.00040604480926755384,-0.06516740976644364,0.9078995231867402,46,280
train,hidden,control_reverse,emotion_6,mouth,local_mean,279,0.0038019050363367964,0.003617530672172646,-0.05096691109834239,1.0290551628109283,27,279
train,hidden,control_reverse,emotion_6,mouth,local_std,279,0.0005630077544814163,0.0005204593867178157,-0.08175156188828536,0.9692818916172525,27,279
train,hidden,control_reverse,emotion_6,brows,local_mean,280,0.001669746758215245,0.0016222291852789738,-0.02929152882186603,0.8129187889938598,5,280
train,hidden,control_reverse,emotion_6,brows,local_std,280,0.00010000251639549224,9.73938378581133e-05,-0.026784841780024715,0.8413492329138447,5,280
train,hidden,control_reverse,emotion_6,eyes,local_mean,280,0.003448876275034896,0.00336107404778454,-0.02612326476657989,0.8358467564030299,14,280
train,hidden,control_reverse,emotion_6,eyes,local_std,280,0.0004556869727865508,0.00044214686469221933,-0.030623553338452014,0.8099446021046047,14,280
train,hidden,control_reverse,emotion_7,all51,local_mean,301,0.002871899890927886,0.002739603826195742,-0.04829021753698304,0.9705289139275396,47,301
train,hidden,control_reverse,emotion_7,all51,local_std,301,0.0004468993528903809,0.000419818168389623,-0.06450693785987949,1.0387018332640265,46,301
train,hidden,control_reverse,emotion_7,mouth,local_mean,301,0.00326684139540757,0.0030753515756519814,-0.06226599302390068,0.8184301507878915,27,301
train,hidden,control_reverse,emotion_7,mouth,local_std,301,0.0005676695226321655,0.0005248227501788267,-0.08164046325876573,0.8928201740822841,27,301
train,hidden,control_reverse,emotion_7,brows,local_mean,301,0.0020090562629489044,0.0019471367272655253,-0.031800301856735214,1.1074132302255242,5,301
train,hidden,control_reverse,emotion_7,brows,local_std,301,0.00010566251110137026,0.00010276622480015866,-0.02818325093525398,1.1151280632477492,5,301
train,hidden,control_reverse,emotion_7,eyes,local_mean,301,0.0034440633747387767,0.0033535436955572473,-0.026992246828764888,1.2565107235513429,14,301
train,hidden,control_reverse,emotion_7,eyes,local_std,301,0.000495462551139616,0.00048047712724646016,-0.03118863114053938,1.2927499509774856,14,301
train,audio,forward,all,all51,local_mean,2024,0.0028566187972437905,0.0033523297039293604,0.1478705707569673,0.8724961951121724,47,2024
train,audio,forward,all,all51,local_std,2024,0.00038796481837492195,0.0004671363334592506,0.1694826743577097,0.8671998611909241,46,2024
train,audio,forward,all,mouth,local_mean,2013,0.0033398829962057977,0.0040471312880659355,0.1747529895918255,0.8503265171943754,27,2013
train,audio,forward,all,mouth,local_std,2013,0.00047971797828676117,0.000607086553698554,0.20980299207061182,0.8262014054821009,27,2013
train,audio,forward,all,brows,local_mean,2024,0.001764761612858123,0.0019073115103265593,0.0747386552729552,0.9263492467323791,5,2024
train,audio,forward,all,brows,local_std,2024,9.938678319671085e-05,0.00010554577829015203,0.0583537796889394,0.943579223967239,5,2024
train,audio,forward,all,eyes,local_mean,2024,0.003339267887610144,0.0037329250177145076,0.10545540781994622,0.8960952026190719,14,2024
train,audio,forward,all,eyes,local_std,2024,0.00045425536089562424,0.0004959479018274551,0.08406637225039837,0.9160232948650123,14,2024
train,audio,forward,emotion_1,all51,local_mean,290,0.0027946799750764046,0.003157108006850888,0.1147974763574825,0.8424519648900001,47,290
train,audio,forward,emotion_1,all51,local_std,290,0.0004054514459858933,0.0004966279168478516,0.1835911107065118,0.890386807780049,46,290
train,audio,forward,emotion_1,mouth,local_mean,289,0.0032424882908033436,0.003674942258760623,0.11767639802403984,0.7773452676253276,27,289
train,audio,forward,emotion_1,mouth,local_std,289,0.0005373785647881469,0.0006870369817164978,0.21783167560273586,0.90255475201852,27,289
train,audio,forward,emotion_1,brows,local_mean,290,0.001737513499298737,0.001884419001501334,0.07795798178937707,0.8724670560006405,5,290
train,audio,forward,emotion_1,brows,local_std,290,9.614699375907573e-05,0.00010353923173484399,0.07139552662221027,0.8052372333844984,5,290
train,audio,forward,emotion_1,eyes,local_mean,290,0.003243538861739716,0.0036649336615662,0.11498019848097385,0.8719647716137968,14,290
train,audio,forward,emotion_1,eyes,local_std,290,0.0004027194968517682,0.00044421824298939073,0.09341972508457663,0.8837018075978759,14,290
train,audio,forward,emotion_2,all51,local_mean,249,0.0030679401231113613,0.0037030816985740614,0.17151703018252962,1.1533113391118683,47,249
train,audio,forward,emotion_2,all51,local_std,249,0.00035265134302784365,0.000430770004561677,0.18134656709285446,0.9818022366193838,46,249
train,audio,forward,emotion_2,mouth,local_mean,247,0.003546624632358183,0.004501325993240603,0.2120933614486138,1.3268578660032178,27,247
train,audio,forward,emotion_2,mouth,local_std,247,0.00045738110496403126,0.0005870163931458526,0.22083759447857798,1.121452006601903,27,247
train,audio,forward,emotion_2,brows,local_mean,249,0.0026736134835360337,0.002899769517811627,0.07799103786919814,1.453218634406364,5,249
train,audio,forward,emotion_2,brows,local_std,249,0.00011169396822346376,0.00011793638904329829,0.052930404860392466,1.1706488299578057,5,249
train,audio,forward,emotion_2,eyes,local_mean,249,0.0034150410534480717,0.0038169763885687706,0.1053020229112317,0.767152259333995,14,249
train,audio,forward,emotion_2,eyes,local_std,249,0.000365198568900141,0.0003990723157610273,0.08488122458780278,0.6504660856355692,14,249
train,audio,forward,emotion_3,all51,local_mean,296,0.0030007096789134743,0.0036642225633254934,0.18107876171414727,0.8828770001614015,47,296
train,audio,forward,emotion_3,all51,local_std,296,0.0003833704986181631,0.0004645752608346299,0.17479355674380692,0.8570808485890969,46,296
train,audio,forward,emotion_3,mouth,local_mean,294,0.0036329405131791085,0.004649297967304468,0.2186044992755357,0.9305472617714093,27,294
train,audio,forward,emotion_3,mouth,local_std,294,0.00047861821383426333,0.0006078070488539897,0.21254908981939213,0.8895086784923629,27,294
train,audio,forward,emotion_3,brows,local_mean,296,0.0015672768729876178,0.0016811085915605756,0.06771229362838938,0.7757165014926163,5,296
train,audio,forward,emotion_3,brows,local_std,296,9.949350772484715e-05,0.00010601617988082827,0.06152525174283008,0.8380681496205334,5,296
train,audio,forward,emotion_3,eyes,local_mean,296,0.003390833785720742,0.003816608591688758,0.11155841521061516,0.8193759387472577,14,296
train,audio,forward,emotion_3,eyes,local_std,296,0.0004417203021410525,0.0004877417381589546,0.09435615699328104,0.8077302186220392,14,296
train,audio,forward,emotion_4,all51,local_mean,308,0.0025785166816749043,0.00292281141931822,0.11779574123999637,0.8021658882518891,47,308
train,audio,forward,emotion_4,all51,local_std,308,0.0003861842202051335,0.00046710807008699164,0.17324438403898124,0.8599865099867189,46,308
train,audio,forward,emotion_4,mouth,local_mean,304,0.002886722855302299,0.0033223129706724864,0.1311105001892755,0.6826571630481337,27,304
train,audio,forward,emotion_4,mouth,local_std,304,0.00046912684945123715,0.0006013926942276656,0.21993257657758858,0.7271889332581122,27,304
train,audio,forward,emotion_4,brows,local_mean,308,0.0014977140812908309,0.00161830046964435,0.07451421452038509,0.8464330722341509,5,308
train,audio,forward,emotion_4,brows,local_std,308,8.739996878153337e-05,9.306764369016841e-05,0.06089844637630781,0.9015786629899007,5,308
train,audio,forward,emotion_4,eyes,local_mean,308,0.0033023979497866745,0.00367934221684676,0.10244881961078667,1.029236934635734,14,308
train,audio,forward,emotion_4,eyes,local_std,308,0.0004753078618381678,0.0005158527990272247,0.07859788153813452,1.0864668482730906,14,308
train,audio,forward,emotion_5,all51,local_mean,300,0.0034488553041067925,0.004326692392138845,0.20288872156176208,0.822767612185477,47,300
train,audio,forward,emotion_5,all51,local_std,300,0.00048705942062096154,0.0005755376189543682,0.15373139030278005,0.8709995534968126,46,300
train,audio,forward,emotion_5,mouth,local_mean,299,0.0041723251297213475,0.005554197705313913,0.2487978730520296,0.7570813233478488,27,299
train,audio,forward,emotion_5,mouth,local_std,299,0.0005730314715625478,0.0007150100415571763,0.19856863784097645,0.7462852434354541,27,299
train,audio,forward,emotion_5,brows,local_mean,300,0.0017055204768240903,0.0018461426646206565,0.07617081306414697,0.8820414004083227,5,300
train,audio,forward,emotion_5,brows,local_std,300,0.00011452069901282146,0.00011993379692286428,0.0451340493582828,1.1171581510309845,5,300
train,audio,forward,emotion_5,eyes,local_mean,300,0.003927894476009815,0.0044189728994748646,0.1111295395188795,0.9077930824979169,14,300
train,audio,forward,emotion_5,eyes,local_std,300,0.000631287423734597,0.0006787843546045163,0.06997352037907922,1.0259783086508518,14,300
train,audio,forward,emotion_6,all51,local_mean,280,0.0026544244383075615,0.0029962669030508373,0.11408945724935493,0.809535809626258,47,280
train,audio,forward,emotion_6,all51,local_std,280,0.0003409521152335908,0.00040611135194167645,0.16044672574787688,0.7581498935312416,46,280
train,audio,forward,emotion_6,mouth,local_mean,279,0.0031138990565669294,0.0036172724061947956,0.13915826432253464,0.8621292823377794,27,279
train,audio,forward,emotion_6,mouth,local_std,279,0.0004175112750232507,0.0005201551497697541,0.19733318951458723,0.7709615410140473,27,279
train,audio,forward,emotion_6,brows,local_mean,280,0.0015261265876350067,0.0016246768924423373,0.06065840245883125,0.7452931179416226,5,280
train,audio,forward,emotion_6,brows,local_std,280,9.150230781549466e-05,9.738520502957921e-05,0.06040853138110369,0.7689208623578215,5,280
train,audio,forward,emotion_6,eyes,local_mean,280,0.0031238599298301717,0.0033627268166638653,0.07103368779467834,0.7555669547615799,14,280
train,audio,forward,emotion_6,eyes,local_std,280,0.000405227301816109,0.00044297700034686696,0.08521819078913473,0.7261868299752767,14,280
train,audio,forward,emotion_7,all51,local_mean,301,0.0024821711804721975,0.002743150861897278,0.0951386542570889,0.8390289357798321,47,301
train,audio,forward,emotion_7,all51,local_std,301,0.00035163741785763637,0.0004200800161992192,0.16292752738117522,0.8650431075744708,46,301
train,audio,forward,emotion_7,mouth,local_mean,301,0.0028177334274824594,0.00307703850191137,0.0842709879216128,0.7020283916448139,27,301
train,audio,forward,emotion_7,mouth,local_std,301,0.0004194231870837936,0.0005252111466858976,0.20141986755161256,0.6793618450302521,27,301
train,audio,forward,emotion_7,brows,local_mean,301,0.0017876656252518114,0.0019504231212891438,0.08344727575304633,0.9849037386806676,5,301
train,audio,forward,emotion_7,brows,local_std,301,9.673853272065232e-05,0.0001027857049765555,0.05883281393344031,1.0252302515303688,5,301
train,audio,forward,emotion_7,eyes,local_mean,301,0.002969542259291749,0.003362037969466198,0.11674339009227985,1.0842826177382863,14,301
train,audio,forward,emotion_7,eyes,local_std,301,0.00043752774153089257,0.00048067499379879293,0.08976387959545384,1.1659329910683578,14,301
train,audio,control_forward,all,all51,local_mean,2024,0.002854096193978825,0.0033495157389933756,0.14790781223898297,0.8715746930658967,47,2024
train,audio,control_forward,all,all51,local_std,2024,0.0003878121381974875,0.0004669658742275885,0.1695064680283752,0.8663860764603781,46,2024
train,audio,control_forward,all,mouth,local_mean,2012,0.0033393462189574836,0.004046264106734717,0.1747087854696927,0.8499680292680566,27,2012
train,audio,control_forward,all,mouth,local_std,2012,0.0004799480236821779,0.0006073674921248295,0.20978974030513908,0.8263451778999539,27,2012
train,audio,control_forward,all,brows,local_mean,2024,0.0017610918425471319,0.001903643756066237,0.07488371343894717,0.9244665916358631,5,2024
train,audio,control_forward,all,brows,local_std,2024,9.898345404152528e-05,0.00010511421204768097,0.05832472970805036,0.9395873439250303,5,2024
train,audio,control_forward,all,eyes,local_mean,2024,0.003334770742649112,0.003728440383474805,0.10558560693916841,0.8949047244986523,14,2024
train,audio,control_forward,all,eyes,local_std,2024,0.0004538079617400974,0.0004954737290522789,0.08409278811185006,0.9150266382555168,14,2024
train,audio,control_forward,emotion_1,all51,local_mean,290,0.0027955900759214043,0.0031588237609159386,0.11499017117979715,0.8429454906687828,47,290
train,audio,control_forward,emotion_1,all51,local_std,290,0.00040546316320283965,0.0004967032988924,0.1836914228132106,0.8910506797923333,46,290
train,audio,control_forward,emotion_1,mouth,local_mean,288,0.0032556345584977106,0.0036900488132336376,0.1177258829688066,0.780554035063672,27,288
train,audio,control_forward,emotion_1,mouth,local_std,288,0.0005393190841067716,0.0006895725487680092,0.21789362834944714,0.9058785093431637,27,288
train,audio,control_forward,emotion_1,brows,local_mean,290,0.001733627770072133,0.0018806909347173137,0.07819634897495042,0.8706338888802239,5,290
train,audio,control_forward,emotion_1,brows,local_std,290,9.614443238349971e-05,0.0001035309510088045,0.0713459941527691,0.805303789797308,5,290
train,audio,control_forward,emotion_1,eyes,local_mean,290,0.003238655594947939,0.0036600800995645714,0.11514078740155664,0.8709883106530816,14,290
train,audio,control_forward,emotion_1,eyes,local_std,290,0.0004022159760905549,0.0004437812048211315,0.09366153473608618,0.8836242970168525,14,290
train,audio,control_forward,emotion_2,all51,local_mean,249,0.0030635132510497902,0.0036972213368162638,0.1714011761903791,1.1522229138283755,47,249
train,audio,control_forward,emotion_2,all51,local_std,249,0.0003524690713686856,0.0004306903931870036,0.18161845041283442,0.9814253420164692,46,249
train,audio,control_forward,emotion_2,mouth,local_mean,247,0.0035415886808847583,0.004494101394695408,0.21194731274531176,1.3258894450567542,27,247
train,audio,control_forward,emotion_2,mouth,local_std,247,0.0004570819365112747,0.0005869675514720411,0.22128244506025851,1.1210636492106838,27,247
train,audio,control_forward,emotion_2,brows,local_mean,249,0.002666024001838957,0.002891453246107871,0.07796399425526246,1.449798240692406,5,249
train,audio,control_forward,emotion_2,brows,local_std,249,0.00011148000362347482,0.00011770084669546542,0.05285300188269815,1.1688095472771332,5,249
train,audio,control_forward,emotion_2,eyes,local_mean,249,0.0034112386554512016,0.0038128087132837684,0.1053213229484875,0.7665791799108865,14,249
train,audio,control_forward,emotion_2,eyes,local_std,249,0.00036524951459469243,0.00039907969815925685,0.08477049501792533,0.6506516328935806,14,249
train,audio,control_forward,emotion_3,all51,local_mean,296,0.0029965874903586055,0.0036594547315974874,0.1811382541544696,0.8811453175503811,47,296
train,audio,control_forward,emotion_3,all51,local_std,296,0.000383494673851409,0.0004645307112670485,0.17444710424980636,0.8561822796140693,46,296
train,audio,control_forward,emotion_3,mouth,local_mean,294,0.003624073955083688,0.004638810157707548,0.21874924131953088,0.9274538319823524,27,294
train,audio,control_forward,emotion_3,mouth,local_std,294,0.0004787876798622715,0.0006076568415586418,0.21207555462688532,0.8875020730672988,27,294
train,audio,control_forward,emotion_3,brows,local_mean,296,0.0015665344912796245,0.001680721225921728,0.06793912808442226,0.7753677693108633,5,296
train,audio,control_forward,emotion_3,brows,local_std,296,9.961596006477426e-05,0.00010613629846331999,0.06143363291305204,0.8390286010847937,5,296
train,audio,control_forward,emotion_3,eyes,local_mean,296,0.003393066630263464,0.0038194682313838642,0.11163899665841892,0.8196483488574302,14,296
train,audio,control_forward,emotion_3,eyes,local_std,296,0.0004418043027445245,0.00048782427928006374,0.09433719986929723,0.8082784933645771,14,296
train,audio,control_forward,emotion_4,all51,local_mean,308,0.0025774161685368437,0.0029220249409937027,0.11793491822135738,0.8018699215521348,47,308
train,audio,control_forward,emotion_4,all51,local_std,308,0.00038628856260123376,0.0004671989839902059,0.17318192924552311,0.8600696200933338,46,308
train,audio,control_forward,emotion_4,mouth,local_mean,304,0.0028866116701645266,0.003322624094855884,0.13122532439537649,0.6827507185861471,27,304
train,audio,control_forward,emotion_4,mouth,local_std,304,0.0004692720984606596,0.0006015165473822909,0.21985172227952687,0.7273523937406973,27,304
train,audio,control_forward,emotion_4,brows,local_mean,308,0.0014952991317696747,0.0016159331259033866,0.07465283816511381,0.845166143458468,5,308
train,audio,control_forward,emotion_4,brows,local_std,308,8.732696635227874e-05,9.296505878572382e-05,0.06064743579026166,0.900889720547284,5,308
train,audio,control_forward,emotion_4,eyes,local_mean,308,0.0032996490132901767,0.0036769107563092117,0.10260290989431586,1.0286686412471855,14,308
train,audio,control_forward,emotion_4,eyes,local_std,308,0.00047542734716373954,0.0005159800419604913,0.07859353366201871,1.0867082551464782,14,308
train,audio,control_forward,emotion_5,all51,local_mean,300,0.0034442121666000544,0.004320503887288018,0.20282164848091655,0.820918101108898,47,300
train,audio,control_forward,emotion_5,all51,local_std,300,0.00048616523979654573,0.000574656239900193,0.15398945310159085,0.8663448611420991,46,300
train,audio,control_forward,emotion_5,mouth,local_mean,299,0.004170821350225832,0.00554998825096848,0.24849906673261546,0.7557607856788764,27,299
train,audio,control_forward,emotion_5,mouth,local_std,299,0.0005728632292216656,0.00071489483737733,0.19867482702312267,0.7456731557811824,27,299
train,audio,control_forward,emotion_5,brows,local_mean,300,0.0016995232165253951,0.0018402984016435756,0.07649584708243717,0.8785151729146027,5,300
train,audio,control_forward,emotion_5,brows,local_std,300,0.00011194032172440043,0.00011722395949505647,0.04507301914570505,1.0911806745788715,5,300
train,audio,control_forward,emotion_5,eyes,local_mean,300,0.003916012551637114,0.0044066074749878606,0.11133165958969327,0.9055984638514804,14,300
train,audio,control_forward,emotion_5,eyes,local_std,300,0.000629274999800981,0.0006767628545209773,0.0701691211371358,1.0211385095594372,14,300
train,audio,control_forward,emotion_6,all51,local_mean,280,0.0026536939372669385,0.0029957094712124276,0.11416845900182304,0.8092394948599397,47,280
train,audio,control_forward,emotion_6,all51,local_std,280,0.0003408874373754836,0.00040604480926755384,0.16046842714134113,0.7581014442108722,46,280
train,audio,control_forward,emotion_6,mouth,local_mean,279,0.003113980718425767,0.003617530672172646,0.1391971483809018,0.8621743627216972,27,279
train,audio,control_forward,emotion_6,mouth,local_std,279,0.000417767263689695,0.0005204593867178157,0.19731054074311205,0.7713936271243531,27,279
train,audio,control_forward,emotion_6,brows,local_mean,280,0.0015239841662937296,0.0016222291852789738,0.0605617380557415,0.7440924586147926,5,280
train,audio,control_forward,emotion_6,brows,local_std,280,9.150972155471446e-05,9.73938378581133e-05,0.060415693978206564,0.7689948484567998,5,280
train,audio,control_forward,emotion_6,eyes,local_mean,280,0.003121807041276979,0.00336107404778454,0.07118766296305623,0.7549219954398952,14,280
train,audio,control_forward,emotion_6,eyes,local_std,280,0.0004044971127315779,0.00044214686469221933,0.08515214053784959,0.7251708829207205,14,280
train,audio,control_forward,emotion_7,all51,local_mean,301,0.0024784808824394773,0.002739603826195742,0.0953141258087905,0.8373822000057802,47,301
train,audio,control_forward,emotion_7,all51,local_std,301,0.00035147274573685153,0.000419818168389623,0.1627976771823314,0.864726082982533,46,301
train,audio,control_forward,emotion_7,mouth,local_mean,301,0.0028155665808426863,0.0030753515756519814,0.0844732670131284,0.7013111385037747,27,301
train,audio,control_forward,emotion_7,mouth,local_std,301,0.00041915887438290895,0.0005248227501788267,0.20133249894352734,0.6797173859256195,27,301
train,audio,control_forward,emotion_7,brows,local_mean,301,0.0017841826777836697,0.0019471367272655253,0.08368906363894701,0.9831106962643404,5,301
train,audio,control_forward,emotion_7,brows,local_std,301,9.67251040474146e-05,0.00010276622480015866,0.05878508006391936,1.0254280664445452,5,301
train,audio,control_forward,emotion_7,eyes,local_mean,301,0.002961521859400343,0.0033535436955572473,0.11689778686237262,1.0807933084834571,14,301
train,audio,control_forward,emotion_7,eyes,local_std,301,0.000437442406370999,0.00048047712724646016,0.08956663790030228,1.164135004641576,14,301
train,audio,control_reverse,all,all51,local_mean,2024,0.003936061876936152,0.0033495157389933756,-0.1751137130405156,1.1567214379297983,47,2024
train,audio,control_reverse,all,all51,local_std,2024,0.000554569542518424,0.0004669658742275885,-0.18760186370308407,1.147310303939643,46,2024
train,audio,control_reverse,all,mouth,local_mean,2012,0.004865705645236212,0.004046264106734717,-0.20251805539277412,1.174675434175027,27,2012
train,audio,control_reverse,all,mouth,local_std,2012,0.0007479609027063027,0.0006073674921248295,-0.2314799728408541,1.1971095270116272,27,2012
train,audio,control_reverse,all,brows,local_mean,2024,0.002138008879499646,0.001903643756066237,-0.1231139611529577,1.119681943430502,5,2024
train,audio,control_reverse,all,brows,local_std,2024,0.00011233478616422145,0.00010511421204768097,-0.06869265321862605,1.0638616990701328,5,2024
train,audio,control_reverse,all,eyes,local_mean,2024,0.004208491386971039,0.003728440383474805,-0.12875383648989458,1.1344010721931166,14,2024
train,audio,control_reverse,all,eyes,local_std,2024,0.0005422576560886715,0.0004954737290522789,-0.09442261878521574,1.081002965418168,14,2024
train,audio,control_reverse,emotion_1,all51,local_mean,290,0.0036592992194013213,0.0031588237609159386,-0.15843728437076976,1.0858312636098468,47,290
train,audio,control_reverse,emotion_1,all51,local_std,290,0.0005840074510874647,0.0004967032988924,-0.1757672082906323,1.2079049963326167,46,290
train,audio,control_reverse,emotion_1,mouth,local_mean,288,0.0043265549155143595,0.0036900488132336376,-0.17249259684533635,1.021262860043086,27,288
train,audio,control_reverse,emotion_1,mouth,local_std,288,0.0008320249680359356,0.0006895725487680092,-0.20658075719869062,1.3389371632011393,27,288
train,audio,control_reverse,emotion_1,brows,local_mean,290,0.0021005622862842223,0.0018806909347173137,-0.11690988003829417,1.0547259236773099,5,290
train,audio,control_reverse,emotion_1,brows,local_std,290,0.0001102300381837536,0.0001035309510088045,-0.06470612999951486,0.9243293448248139,5,290
train,audio,control_reverse,emotion_1,eyes,local_mean,290,0.004180689136692374,0.0036600800995645714,-0.14223979338313875,1.1088926901477063,14,290
train,audio,control_reverse,emotion_1,eyes,local_std,290,0.00048572686236486156,0.0004437812048211315,-0.09451877882173143,1.0503651491661754,14,290
train,audio,control_reverse,emotion_2,all51,local_mean,249,0.004303590578049922,0.0036972213368162638,-0.164006746146232,1.5236939202641797,47,249
train,audio,control_reverse,emotion_2,all51,local_std,249,0.0005153494147933818,0.0004306903931870036,-0.19656584624496087,1.277428254708557,46,249
train,audio,control_reverse,emotion_2,mouth,local_mean,247,0.005332518151331067,0.004494101394695408,-0.1865593770592895,1.8050610797404403,27,247
train,audio,control_reverse,emotion_2,mouth,local_std,247,0.0007213323181228163,0.0005869675514720411,-0.22891344898675436,1.530431082577296,27,247
train,audio,control_reverse,emotion_2,brows,local_mean,249,0.0031741325110472315,0.002891453246107871,-0.09776373362421453,1.7211195021913779,5,249
train,audio,control_reverse,emotion_2,brows,local_std,249,0.00012455533960311287,0.00011770084669546542,-0.058236564137745805,1.2969588858875387,5,249
train,audio,control_reverse,emotion_2,eyes,local_mean,249,0.004316621198472747,0.0038128087132837684,-0.13213683745363447,0.9895847478004821,14,249
train,audio,control_reverse,emotion_2,eyes,local_std,249,0.00044796667314642033,0.00039907969815925685,-0.12249927824605766,0.7913683308923076,14,249
train,audio,control_reverse,emotion_3,all51,local_mean,296,0.0043034161563985365,0.0036594547315974874,-0.17597196086093847,1.2190179271097972,47,296
train,audio,control_reverse,emotion_3,all51,local_std,296,0.0005584698635198277,0.0004645307112670485,-0.20222377116154888,1.1517423961921744,46,296
train,audio,control_reverse,emotion_3,mouth,local_mean,294,0.005522454782044518,0.004638810157707548,-0.19048949931024084,1.336641947318371,27,294
train,audio,control_reverse,emotion_3,mouth,local_std,294,0.0007542499288794081,0.0006076568415586418,-0.24124321046851782,1.2785126556215234,27,294
train,audio,control_reverse,emotion_3,brows,local_mean,296,0.0019274547409840876,0.001680721225921728,-0.1468021651996736,0.9541571812691558,5,296
train,audio,control_reverse,emotion_3,brows,local_std,296,0.00011486486242010518,0.00010613629846331999,-0.08223919698689808,0.9713519323893077,5,296
train,audio,control_reverse,emotion_3,eyes,local_mean,296,0.00438156805888925,0.0038194682313838642,-0.147167038303059,1.072610749935977,14,296
train,audio,control_reverse,emotion_3,eyes,local_std,296,0.0005456740318660251,0.00048782427928006374,-0.11858727628591326,0.9823353210871723,14,296
train,audio,control_reverse,emotion_4,all51,local_mean,308,0.003432716737377018,0.0029220249409937027,-0.17477325029595492,1.0446890752871754,47,308
train,audio,control_reverse,emotion_4,all51,local_std,308,0.0005547946624941806,0.0004671989839902059,-0.18749115795553828,1.1464782337598687,46,308
train,audio,control_reverse,emotion_4,mouth,local_mean,304,0.004019776143884261,0.003322624094855884,-0.20981971752619089,0.9274763654158491,27,304
train,audio,control_reverse,emotion_4,mouth,local_std,304,0.000746712841079434,0.0006015165473822909,-0.2413837064483353,1.1002839748049922,27,304
train,audio,control_reverse,emotion_4,brows,local_mean,308,0.001849098797165803,0.0016159331259033866,-0.14429165880986883,1.0376515921778917,5,308
train,audio,control_reverse,emotion_4,brows,local_std,308,9.995003253030589e-05,9.296505878572382e-05,-0.075135473863162,1.0255894220941109,5,308
train,audio,control_reverse,emotion_4,eyes,local_mean,308,0.004124108835916652,0.0036769107563092117,-0.12162331621459499,1.2901584691813643,14,308
train,audio,control_reverse,emotion_4,eyes,local_std,308,0.0005564100301377181,0.0005159800419604913,-0.0783557209375989,1.268703256696803,14,308
train,audio,control_reverse,emotion_5,all51,local_mean,300,0.005066530807060806,0.004320503887288018,-0.17267127613697597,1.1384615006801866,47,300
train,audio,control_reverse,emotion_5,all51,local_std,300,0.0006626410924005248,0.000574656239900193,-0.15310866982948457,1.120338578883604,46,300
train,audio,control_reverse,emotion_5,mouth,local_mean,299,0.006678930117400753,0.00554998825096848,-0.20341337952116767,1.128668908677883,27,299
train,audio,control_reverse,emotion_5,mouth,local_std,299,0.0008534269255419097,0.00071489483737733,-0.19377967348708225,1.0688287745430456,27,299
train,audio,control_reverse,emotion_5,brows,local_mean,300,0.0020550031202442704,0.0018402984016435756,-0.1166684263861455,1.0581917272380923,5,300
train,audio,control_reverse,emotion_5,brows,local_std,300,0.00012438785422797958,0.00011722395949505647,-0.06111288821655281,1.2137375892274789,5,300
train,audio,control_reverse,emotion_5,eyes,local_mean,300,0.0048775827434114375,0.0044066074749878606,-0.10687933315977372,1.1427786883631894,14,300
train,audio,control_reverse,emotion_5,eyes,local_std,300,0.0007281525122779443,0.0006767628545209773,-0.0759345129740332,1.1899428778885275,14,300
train,audio,control_reverse,emotion_6,all51,local_mean,280,0.003542531677513279,0.0029957094712124276,-0.1825351261714776,1.0501740501090118,47,280
train,audio,control_reverse,emotion_6,all51,local_std,280,0.0004936178463336206,0.00040604480926755384,-0.2156733322709774,0.998636720256337,46,280
train,audio,control_reverse,emotion_6,mouth,local_mean,279,0.0044003535107996605,0.003617530672172646,-0.21639701486120644,1.163523307742204,27,279
train,audio,control_reverse,emotion_6,mouth,local_std,279,0.0006628448469000137,0.0005204593867178157,-0.27357650532566335,1.092560781367822,27,279
train,audio,control_reverse,emotion_6,brows,local_mean,280,0.0018272629442109452,0.0016222291852789738,-0.1263901308104698,0.8918543783638482,5,280
train,audio,control_reverse,emotion_6,brows,local_std,280,0.00010377029680464682,9.73938378581133e-05,-0.0654708663994017,0.8765757970990591,5,280
train,audio,control_reverse,emotion_6,eyes,local_mean,280,0.003772887299830882,0.00336107404778454,-0.12252430211044874,0.9242229064364592,14,280
train,audio,control_reverse,emotion_6,eyes,local_std,280,0.00048506270079361023,0.00044214686469221933,-0.09706240059231175,0.8583485813647969,14,280
train,audio,control_reverse,emotion_7,all51,local_mean,301,0.003291835090132592,0.002739603826195742,-0.20157340220380937,1.092134923354639,47,301
train,audio,control_reverse,emotion_7,all51,local_std,301,0.0005035728525406164,0.000419818168389623,-0.1995022856496833,1.142967010655048,46,301
train,audio,control_reverse,emotion_7,mouth,local_mean,301,0.0038415533916628503,0.0030753515756519814,-0.24914283689611394,0.9516698638507511,27,301
train,audio,control_reverse,emotion_7,mouth,local_std,301,0.0006586263025699908,0.0005248227501788267,-0.25494998520085543,1.0305005889217107,27,301
train,audio,control_reverse,emotion_7,brows,local_mean,301,0.002191442925326894,0.0019471367272655253,-0.1254694622315824,1.2046611941245768,5,301
train,audio,control_reverse,emotion_7,brows,local_std,301,0.00011039191990877145,0.00010276622480015866,-0.07420429351610291,1.1604438285201133,5,301
train,audio,control_reverse,emotion_7,eyes,local_mean,301,0.0038003159644493544,0.0033535436955572473,-0.1332239295059694,1.3673245082180665,14,301
train,audio,control_reverse,emotion_7,eyes,local_std,301,0.0005248102711091292,0.00048047712724646016,-0.09226899960199031,1.353624817617532,14,301
train,prosody,forward,all,all51,local_mean,2024,0.0033446393795443174,0.0033523297039293604,0.002294023877194684,0.998698246339772,47,2024
train,prosody,forward,all,all51,local_std,2024,0.00046512696979689644,0.0004671363334592506,0.004301450172959909,0.9977791952936934,46,2024
train,prosody,forward,all,mouth,local_mean,2013,0.004037694594923893,0.0040471312880659355,0.0023316992878065212,0.9982723364018796,27,2013
train,prosody,forward,all,mouth,local_std,2013,0.0006038381201020665,0.000607086553698554,0.00535085742996122,0.9963357867935189,27,2013
train,prosody,forward,all,brows,local_mean,2024,0.0019056117485368542,0.0019073115103265593,0.0008911820541648297,0.9991296309146597,5,2024
train,prosody,forward,all,brows,local_std,2024,0.00010550058010428377,0.00010554577829015203,0.0004282330056253336,0.9995829374486905,5,2024
train,prosody,forward,all,eyes,local_mean,2024,0.0037235221667249498,0.0037329250177145076,0.0025188962931044223,0.9974361496048074,14,2024
train,prosody,forward,all,eyes,local_std,2024,0.0004948848255540831,0.0004959479018274551,0.0021435240868139527,0.9977772810494097,14,2024
train,prosody,forward,emotion_1,all51,local_mean,290,0.0031521558024459628,0.003157108006850888,0.001568588845924479,0.9479455091695558,47,290
train,prosody,forward,emotion_1,all51,local_std,290,0.0004935563744320905,0.0004966279168478516,0.0061847961251483285,1.048324988337581,46,290
train,prosody,forward,emotion_1,mouth,local_mean,289,0.0036740041005299305,0.003674942258760623,0.0002552851622241725,0.8793235698716155,27,289
train,prosody,forward,emotion_1,mouth,local_std,289,0.0006820306422273754,0.0006870369817164978,0.007286855907835732,1.1179054671887645,27,289
train,prosody,forward,emotion_1,brows,local_mean,290,0.0018855911711897905,0.001884419001501334,-0.0006220324076133821,0.9437842209386078,5,290
train,prosody,forward,emotion_1,brows,local_std,290,0.0001034925610881568,0.00010353923173484399,0.00045075326429599993,0.8642783222187815,5,290
train,prosody,forward,emotion_1,eyes,local_mean,290,0.0036482358709048683,0.0036649336615662,0.004556096290756817,0.9697789108024081,14,290
train,prosody,forward,emotion_1,eyes,local_std,290,0.00044272603014486534,0.00044421824298939073,0.0033591885702024538,0.9665606404162828,14,290
train,prosody,forward,emotion_2,all51,local_mean,249,0.0036992469966825366,0.0037030816985740614,0.0010355434213080716,1.3588461517931583,47,249
train,prosody,forward,emotion_2,all51,local_std,249,0.0004281655112934974,0.000430770004561677,0.006046134226151079,1.1302791794573177,46,249
train,prosody,forward,emotion_2,mouth,local_mean,247,0.00449309323929162,0.004501325993240603,0.0018289619461789863,1.6169306477281131,27,247
train,prosody,forward,emotion_2,mouth,local_std,247,0.0005825143099007593,0.0005870163931458526,0.007669433592759511,1.3324059485314357,27,247
train,prosody,forward,emotion_2,brows,local_mean,249,0.0028987607832465134,0.002899769517811627,0.0003478671525158905,1.5767442086254033,5,249
train,prosody,forward,emotion_2,brows,local_std,249,0.00011792090081900637,0.00011793638904329829,0.00013132693325246247,1.2333161612142227,5,249
train,prosody,forward,emotion_2,eyes,local_mean,249,0.003818601736626028,0.0038169763885687706,-0.00042582083088715805,0.8553371837667659,14,249
train,prosody,forward,emotion_2,eyes,local_std,249,0.00039818435032602556,0.0003990723157610273,0.0022250740027114357,0.7107765810509804,14,249
train,prosody,forward,emotion_3,all51,local_mean,296,0.0036492815495321627,0.0036642225633254934,0.004077539924259077,1.039872607243168,47,296
train,prosody,forward,emotion_3,all51,local_std,296,0.0004626627138023503,0.0004645752608346299,0.004116764695656805,0.9935911466476453,46,296
train,prosody,forward,emotion_3,mouth,local_mean,294,0.004628856978316515,0.004649297967304468,0.004396575382283663,1.1365813756383656,27,294
train,prosody,forward,emotion_3,mouth,local_std,294,0.0006054081072020892,0.0006078070488539897,0.003946880274625975,1.0714824513601557,27,294
train,prosody,forward,emotion_3,brows,local_mean,296,0.0016778186544011994,0.0016811085915605756,0.0019570045480060694,0.8279773281984368,5,296
train,prosody,forward,emotion_3,brows,local_std,296,0.00010596111496242143,0.00010601617988082827,0.0005194010807476612,0.8912619979337293,5,296
train,prosody,forward,emotion_3,eyes,local_mean,296,0.0038028512473727775,0.003816608591688758,0.0036045992103930224,0.9146739673865796,14,296
train,prosody,forward,emotion_3,eyes,local_std,296,0.00048540859308446793,0.0004877417381589546,0.004783566572123754,0.8889359429361892,14,296
train,prosody,forward,emotion_4,all51,local_mean,308,0.002916255744055544,0.00292281141931822,0.002242934737200719,0.9009331277702464,47,308
train,prosody,forward,emotion_4,all51,local_std,308,0.00046566327402632274,0.00046710807008699164,0.003093065937396111,0.992335518815847,46,308
train,prosody,forward,emotion_4,mouth,local_mean,304,0.003312922487032089,0.0033223129706724864,0.0028264897748320195,0.7772512810349497,27,304
train,prosody,forward,emotion_4,mouth,local_std,304,0.000598759879877315,0.0006013926942276656,0.004377862211531691,0.8912161249288085,27,304
train,prosody,forward,emotion_4,brows,local_mean,308,0.001617185601211176,0.00161830046964435,0.0006889131246553548,0.9132360299681401,5,308
train,prosody,forward,emotion_4,brows,local_std,308,9.297075832999044e-05,9.306764369016841e-05,0.0010410208783249164,0.9566460398340572,5,308
train,prosody,forward,emotion_4,eyes,local_mean,308,0.0036730305441633865,0.00367934221684676,0.001715435072734972,1.1521318180567393,14,308
train,prosody,forward,emotion_4,eyes,local_std,308,0.000515593061929355,0.0005158527990272247,0.0005035101066805936,1.1860991996035657,14,308
train,prosody,forward,emotion_5,all51,local_mean,300,0.004314695388515586,0.004326692392138845,0.0027727886653222678,0.9651990235676408,47,300
train,prosody,forward,emotion_5,all51,local_std,300,0.0005746720293837109,0.0005755376189543682,0.001503966973053661,0.9800878258313611,46,300
train,prosody,forward,emotion_5,mouth,local_mean,299,0.005536716974621583,0.005554197705313913,0.003147300765978356,0.9247983702286625,27,299
train,prosody,forward,emotion_5,mouth,local_std,299,0.000714024166105605,0.0007150100415571763,0.0013788274209746154,0.8821902133437531,27,299
train,prosody,forward,emotion_5,brows,local_mean,300,0.0018415303118967433,0.0018461426646206565,0.0024983728572574027,0.9503800272758002,5,300
train,prosody,forward,emotion_5,brows,local_std,300,0.00011990164131637918,0.00011993379692286428,0.00026811130231940705,1.171077676284838,5,300
train,prosody,forward,emotion_5,eyes,local_mean,300,0.004410513457435069,0.0044189728994748646,0.0019143457613874926,1.0117016215577312,14,300
train,prosody,forward,emotion_5,eyes,local_std,300,0.0006775436011237583,0.0006787843546045163,0.00182790524316212,1.103935657950643,14,300
train,prosody,forward,emotion_6,all51,local_mean,280,0.002990732049731335,0.0029962669030508373,0.0018472497606494276,0.9007258876440454,47,280
train,prosody,forward,emotion_6,all51,local_std,280,0.0004036512085724641,0.00040611135194167645,0.006057804977501968,0.863025528459875,46,280
train,prosody,forward,emotion_6,mouth,local_mean,279,0.0036129477865960943,0.0036172724061947956,0.0011955471175726373,0.9855342176223344,27,279
train,prosody,forward,emotion_6,mouth,local_std,279,0.0005158991985639157,0.0005201551497697541,0.008182080303775208,0.9079968955800369,27,279
train,prosody,forward,emotion_6,brows,local_mean,280,0.0016221140756276016,0.0016246768924423373,0.0015774316891299378,0.7894602666593318,5,280
train,prosody,forward,emotion_6,brows,local_std,280,9.73423859911522e-05,9.738520502957921e-05,0.0004396873058285511,0.8167621243176869,5,280
train,prosody,forward,emotion_6,eyes,local_mean,280,0.0033520194354080654,0.0033627268166638653,0.003184136517643932,0.8081742772086346,14,280
train,prosody,forward,emotion_6,eyes,local_std,280,0.00044225629066591254,0.00044297700034686696,0.001626968624533709,0.7893810760930693,14,280
train,prosody,forward,emotion_7,all51,local_mean,301,0.002737889438552625,0.002743150861897278,0.0019180218695715734,0.9337399017547915,47,301
train,prosody,forward,emotion_7,all51,local_std,301,0.00041819278096519937,0.0004200800161992192,0.004492561324613953,0.9921445649518529,46,301
train,prosody,forward,emotion_7,mouth,local_mean,301,0.003072408002885852,0.00307703850191137,0.0015048557314578659,0.7777334159732141,27,301
train,prosody,forward,emotion_7,mouth,local_std,301,0.0005219141413662277,0.0005252111466858976,0.006277485427478413,0.8318718909491032,27,301
train,prosody,forward,emotion_7,brows,local_mean,301,0.0019500557566266552,0.0019504231212891438,0.0001883512651581487,1.0744543911198414,5,301
train,prosody,forward,emotion_7,brows,local_std,301,0.00010276472772299712,0.0001027857049765555,0.00020408726644594033,1.0861867058428054,5,301
train,prosody,forward,emotion_7,eyes,local_mean,301,0.003351932805646385,0.003362037969466198,0.0030056661797360773,1.2265665963982293,14,301
train,prosody,forward,emotion_7,eyes,local_std,301,0.0004801660684300539,0.00048067499379879293,0.0010587723000045068,1.267655385924673,14,301
train,prosody,control_forward,all,all51,local_mean,2024,0.003341972800280841,0.0033495157389933756,0.002251949027951561,0.9977536429196745,47,2024
train,prosody,control_forward,all,all51,local_std,2024,0.00046499655342086617,0.0004669658742275885,0.004217269216899022,0.9969459560036031,46,2024
train,prosody,control_forward,all,mouth,local_mean,2012,0.004037049015435119,0.004046264106734717,0.002277431985781675,0.997917252583944,27,2012
train,prosody,control_forward,all,mouth,local_std,2012,0.0006041821780365138,0.0006073674921248295,0.005244459292959802,0.9965626915467861,27,2012
train,prosody,control_forward,all,brows,local_mean,2024,0.0019019736472676446,0.001903643756066237,0.0008773221319746671,0.9972646398992038,5,2024
train,prosody,control_forward,all,brows,local_std,2024,0.00010506854900229884,0.00010511421204768097,0.0004344136201240856,0.9953195186641055,5,2024
train,prosody,control_forward,all,eyes,local_mean,2024,0.003719140659608747,0.003728440383474805,0.0024942664786262725,0.9962227589536657,14,2024
train,prosody,control_forward,all,eyes,local_std,2024,0.0004944307040114578,0.0004954737290522789,0.002105106647765531,0.9967934246852462,14,2024
train,prosody,control_forward,emotion_1,all51,local_mean,290,0.0031540346777470525,0.0031588237609159386,0.0015160969814591585,0.9487958949051866,47,290
train,prosody,control_forward,emotion_1,all51,local_std,290,0.0004936541956871449,0.0004967032988924,0.006138681204764018,1.0491859665619319,46,290
train,prosody,control_forward,emotion_1,mouth,local_mean,288,0.0036892689398853825,0.0036900488132336376,0.00021134499507380333,0.8831762534983745,27,288
train,prosody,control_forward,emotion_1,mouth,local_std,288,0.0006845728886418678,0.0006895725487680092,0.007250375809004783,1.1221220556559608,27,288
train,prosody,control_forward,emotion_1,brows,local_mean,290,0.0018819632778502723,0.0018806909347173137,-0.0006765296250814679,0.9420825798188799,5,290
train,prosody,control_forward,emotion_1,brows,local_std,290,0.00010348399305623498,0.0001035309510088045,0.00045356438931509757,0.8643207458343294,5,290
train,prosody,control_forward,emotion_1,eyes,local_mean,290,0.0036436674660479274,0.0036600800995645714,0.004484227959545617,0.968831348549361,14,290
train,prosody,control_forward,emotion_1,eyes,local_std,290,0.0004423195921946599,0.0004437812048211315,0.003293543328543369,0.9666466665897919,14,290
train,prosody,control_forward,emotion_2,all51,local_mean,249,0.0036935303089970454,0.0036972213368162638,0.0009983248182801052,1.3577288035091477,47,249
train,prosody,control_forward,emotion_2,all51,local_std,249,0.00042813470981467507,0.0004306903931870036,0.0059339224016981,1.1301284692754145,46,249
train,prosody,control_forward,emotion_2,mouth,local_mean,247,0.004486085298070758,0.004494101394695408,0.0017836928721971512,1.6160472425017627,27,247
train,prosody,control_forward,emotion_2,mouth,local_std,247,0.0005825393700223978,0.0005869675514720411,0.007544167370986621,1.3323989258720248,27,247
train,prosody,control_forward,emotion_2,brows,local_mean,249,0.0028905619195406895,0.002891453246107871,0.0003082624864785277,1.573068700008632,5,249
train,prosody,control_forward,emotion_2,brows,local_std,249,0.00011768550069912315,0.00011770084669546542,0.00013038135895471203,1.2313097955093562,5,249
train,prosody,control_forward,emotion_2,eyes,local_mean,249,0.0038144921361568176,0.0038128087132837684,-0.0004415177890211286,0.854684684711236,14,249
train,prosody,control_forward,emotion_2,eyes,local_std,249,0.00039821802459265044,0.00039907969815925685,0.0021591515944830997,0.7110507351719666,14,249
train,prosody,control_forward,emotion_3,all51,local_mean,296,0.0036448099742655963,0.0036594547315974874,0.0040018960216781085,1.0380270904490267,47,296
train,prosody,control_forward,emotion_3,all51,local_std,296,0.00046270770085733384,0.0004645307112670485,0.003924413102294633,0.9923314569708542,46,296
train,prosody,control_forward,emotion_3,mouth,local_mean,294,0.0046189184643485506,0.004638810157707548,0.004288102483768652,1.1331728580680325,27,294
train,prosody,control_forward,emotion_3,mouth,local_std,294,0.0006054364551210127,0.0006076568415586418,0.003654013722504623,1.0688685618013885,27,294
train,prosody,control_forward,emotion_3,brows,local_mean,296,0.0016773969735170851,0.001680721225921728,0.0019778725664749697,0.8277853325657003,5,296
train,prosody,control_forward,emotion_3,brows,local_std,296,0.00010608104347178573,0.00010613629846331999,0.0005206040943038781,0.8922048259899129,5,296
train,prosody,control_forward,emotion_3,eyes,local_mean,296,0.0038057501643581934,0.0038194682313838642,0.0035916169986576207,0.9150832084180551,14,296
train,prosody,control_forward,emotion_3,eyes,local_std,296,0.0004854753413670939,0.00048782427928006374,0.0048151312116658795,0.8894672496821245,14,296
train,prosody,control_forward,emotion_4,all51,local_mean,308,0.0029155351778794667,0.0029220249409937027,0.002220981423939894,0.9007654003838946,47,308
train,prosody,control_forward,emotion_4,all51,local_std,308,0.0004657707425829633,0.0004671989839902059,0.003057030208080569,0.9924388118453579,46,308
train,prosody,control_forward,emotion_4,mouth,local_mean,304,0.0033132702397603428,0.003322624094855884,0.0028152011267308374,0.7774670689908966,27,304
train,prosody,control_forward,emotion_4,mouth,local_std,304,0.0005989129899709346,0.0006015165473822909,0.004328322176150645,0.8914700195137869,27,304
train,prosody,control_forward,emotion_4,brows,local_mean,308,0.001614732632539989,0.0016159331259033866,0.0007429103000327064,0.9119354345498238,5,308
train,prosody,control_forward,emotion_4,brows,local_std,308,9.28706738484422e-05,9.296505878572382e-05,0.0010152732490512628,0.9556706226530044,5,308
train,prosody,control_forward,emotion_4,eyes,local_mean,308,0.003670843202782564,0.0036769107563092117,0.0016501769906261954,1.1517625002714906,14,308
train,prosody,control_forward,emotion_4,eyes,local_std,308,0.0005157246755233868,0.0005159800419604913,0.0004949153384581351,1.1863759264537577,14,308
train,prosody,control_forward,emotion_5,all51,local_mean,300,0.0043084868663553705,0.004320503887288018,0.0027813933851569272,0.9629365999352467,47,300
train,prosody,control_forward,emotion_5,all51,local_std,300,0.0005738049383216233,0.000574656239900193,0.0014814101361146914,0.9753147916714514,46,300
train,prosody,control_forward,emotion_5,mouth,local_mean,299,0.005532657456987177,0.00554998825096848,0.0031226721927345436,0.9227870820476448,27,299
train,prosody,control_forward,emotion_5,mouth,local_std,299,0.0007139057381707054,0.00071489483737733,0.0013835590284205779,0.8816306613791932,27,299
train,prosody,control_forward,emotion_5,brows,local_mean,300,0.0018357101315002967,0.0018402984016435756,0.002493220740278357,0.9469051628609392,5,300
train,prosody,control_forward,emotion_5,brows,local_std,300,0.0001171855273922,0.00011722395949505647,0.0003278519427428739,1.1437688219581301,5,300
train,prosody,control_forward,emotion_5,eyes,local_mean,300,0.0043977783117281405,0.0044066074749878606,0.00200361918093106,1.0094466022876254,14,300
train,prosody,control_forward,emotion_5,eyes,local_std,300,0.0006755825882061296,0.0006767628545209773,0.0017439880261795881,1.0990815324966432,14,300
train,prosody,control_forward,emotion_6,all51,local_mean,280,0.002990252043187411,0.0029957094712124276,0.0018217480958885313,0.9005147892622201,47,280
train,prosody,control_forward,emotion_6,all51,local_std,280,0.00040359477221666893,0.00040604480926755384,0.006033908068679428,0.8629836545143377,46,280
train,prosody,control_forward,emotion_6,mouth,local_mean,279,0.003613285091930677,0.003617530672172646,0.0011736127836116106,0.9857746575536568,27,279
train,prosody,control_forward,emotion_6,mouth,local_std,279,0.0005162187576530153,0.0005204593867178157,0.008147857782992651,0.9084794439880204,27,279
train,prosody,control_forward,emotion_6,brows,local_mean,280,0.0016197462567011788,0.0016222291852789738,0.0015305658413290457,0.7881363230065852,5,280
train,prosody,control_forward,emotion_6,brows,local_std,280,9.735058111204025e-05,9.73938378581133e-05,0.0004441425353426398,0.8168373717265043,5,280
train,prosody,control_forward,emotion_6,eyes,local_mean,280,0.0033504682956857915,0.00336107404778454,0.0031554651721342752,0.8074802351870757,14,280
train,prosody,control_forward,emotion_6,eyes,local_std,280,0.0004414336828877892,0.00044214686469221933,0.0016129975385590356,0.7882893108001596,14,280
train,prosody,control_forward,emotion_7,all51,local_mean,301,0.0027346465950595826,0.002739603826195742,0.0018094700732854685,0.9319309256079472,47,301
train,prosody,control_forward,emotion_7,all51,local_std,301,0.00041800956393431646,0.000419818168389623,0.004308066185520709,0.9917660123639914,46,301
train,prosody,control_forward,emotion_7,mouth,local_mean,301,0.00307110562807824,0.0030753515756519814,0.001380638105690779,0.7768897211245116,27,301
train,prosody,control_forward,emotion_7,mouth,local_std,301,0.0005216598339870477,0.0005248227501788267,0.006026636975438482,0.832169013109604,27,301
train,prosody,control_forward,emotion_7,brows,local_mean,301,0.001946798163513984,0.0019471367272655253,0.00017387774921007182,1.0728082562307157,5,301
train,prosody,control_forward,emotion_7,brows,local_std,301,0.00010274657202080732,0.00010276622480015866,0.00019123772805273997,1.0863563437254635,5,301
train,prosody,control_forward,emotion_7,eyes,local_mean,301,0.003343794739447306,0.0033535436955572473,0.0029070610061996405,1.222728771547425,14,301
train,prosody,control_forward,emotion_7,eyes,local_std,301,0.000479995569046134,0.00048047712724646016,0.0010022499990497424,1.2657779640112132,14,301
train,prosody,control_reverse,all,all51,local_mean,2024,0.00335795759264628,0.0033495157389933756,-0.002520320640571727,1.0018689597529284,47,2024
train,prosody,control_reverse,all,all51,local_std,2024,0.0004688430098933309,0.0004669658742275885,-0.004019856202227556,1.0023002383006223,46,2024
train,prosody,control_reverse,all,mouth,local_mean,2012,0.004055928634226492,0.004046264106734717,-0.0023885063448252364,1.0016113470241599,27,2012
train,prosody,control_reverse,all,mouth,local_std,2012,0.0006105166136075164,0.0006073674921248295,-0.005184869989781626,1.0038306426199863,27,2012
train,prosody,control_reverse,all,brows,local_mean,2024,0.0019058526695425535,0.001903643756066237,-0.0011603607393859683,0.9992965937207253,5,2024
train,prosody,control_reverse,all,brows,local_std,2024,0.0001052106947587363,0.00010511421204768097,-0.0009178845483954756,0.996664165261632,5,2024
train,prosody,control_reverse,all,eyes,local_mean,2024,0.0037396819482714058,0.003728440383474805,-0.00301508503298753,1.0014927192206446,14,2024
train,prosody,control_reverse,all,eyes,local_std,2024,0.0004962304578738607,0.0004954737290522789,-0.0015272834404949087,0.9999278343796056,14,2024
train,prosody,control_reverse,emotion_1,all51,local_mean,290,0.003167467126527262,0.0031588237609159386,-0.002736260793738232,0.9525916535144363,47,290
train,prosody,control_reverse,emotion_1,all51,local_std,290,0.0004989535450301369,0.0004967032988924,-0.004530362779459507,1.056417042608241,46,290
train,prosody,control_reverse,emotion_1,mouth,local_mean,288,0.0036997818293248073,0.0036900488132336376,-0.0026376388453899224,0.8856187687703515,27,288
train,prosody,control_reverse,emotion_1,mouth,local_std,288,0.0006928486548380784,0.0006895725487680092,-0.004750922982537986,1.1316132840323831,27,288
train,prosody,control_reverse,emotion_1,brows,local_mean,290,0.0018820259505170707,0.0018806909347173137,-0.0007098539026868522,0.9420979670642003,5,290
train,prosody,control_reverse,emotion_1,brows,local_std,290,0.00010367237532639264,0.0001035309510088045,-0.0013660100309145218,0.8659780228791748,5,290
train,prosody,control_reverse,emotion_1,eyes,local_mean,290,0.0036714031513373217,0.0036600800995645714,-0.0030936622873629638,0.9756507743774254,14,290
train,prosody,control_reverse,emotion_1,eyes,local_std,290,0.000445602876834436,0.0004437812048211315,-0.004104887709335925,0.9715769401658458,14,290
train,prosody,control_reverse,emotion_2,all51,local_mean,249,0.0037056746089256807,0.0036972213368162638,-0.0022863851902077403,1.360998168139885,47,249
train,prosody,control_reverse,emotion_2,all51,local_std,249,0.00043268247593461934,0.0004306903931870036,-0.004625324314468271,1.1370080720137035,46,249
train,prosody,control_reverse,emotion_2,mouth,local_mean,247,0.004504491225433733,0.004494101394695408,-0.002311881692431017,1.6199434783268951,27,247
train,prosody,control_reverse,emotion_2,mouth,local_std,247,0.0005899858317787013,0.0005869675514720411,-0.005142158708928202,1.3421691723084155,27,247
train,prosody,control_reverse,emotion_2,brows,local_mean,249,0.002893448626775603,0.002891453246107871,-0.0006900961204951983,1.574947128384164,5,249
train,prosody,control_reverse,emotion_2,brows,local_std,249,0.0001177504460489061,0.00011770084669546542,-0.00042140184062589015,1.2319053702385225,5,249
train,prosody,control_reverse,emotion_2,eyes,local_mean,249,0.003822287123127218,0.0038128087132837684,-0.002485938990442138,0.8572762806529807,14,249
train,prosody,control_reverse,emotion_2,eyes,local_std,249,0.00040051361466927486,0.00039907969815925685,-0.0035930580198189066,0.714694232445963,14,249
train,prosody,control_reverse,emotion_3,all51,local_mean,296,0.0036699271660909556,0.0036594547315974874,-0.002861747244212065,1.0437819036215141,47,296
train,prosody,control_reverse,emotion_3,all51,local_std,296,0.00046620377411163135,0.0004645307112670485,-0.0036016194494856713,0.9978890960524037,46,296
train,prosody,control_reverse,emotion_3,mouth,local_mean,294,0.004652907850464506,0.004638810157707548,-0.0030390751674831407,1.139338859401969,27,294
train,prosody,control_reverse,emotion_3,mouth,local_std,294,0.0006101876826021827,0.0006076568415586418,-0.004164918207864243,1.0754760297134354,27,294
train,prosody,control_reverse,emotion_3,brows,local_mean,296,0.0016838811538737364,0.001680721225921728,-0.0018801023651471294,0.831020947929115,5,296
train,prosody,control_reverse,emotion_3,brows,local_std,296,0.00010619353452455536,0.00010613629846331999,-0.0005392694305723644,0.8931753298455779,5,296
train,prosody,control_reverse,emotion_3,eyes,local_mean,296,0.003828935150601065,0.0038194682313838642,-0.0024785961405340284,0.920104800804572,14,296
train,prosody,control_reverse,emotion_3,eyes,local_std,296,0.0004890396563147341,0.00048782427928006374,-0.0024914238308599845,0.8946482552683164,14,296
train,prosody,control_reverse,emotion_4,all51,local_mean,308,0.002935018696654206,0.0029220249409937027,-0.004446832564024783,0.9048713367551859,47,308
train,prosody,control_reverse,emotion_4,all51,local_std,308,0.0004697190840431982,0.0004671989839902059,-0.005394061501309055,0.9977769258656726,46,308
train,prosody,control_reverse,emotion_4,mouth,local_mean,304,0.0033373630043073304,0.003322624094855884,-0.0044359244472660375,0.7813295889805988,27,304
train,prosody,control_reverse,emotion_4,mouth,local_std,304,0.0006056918405863208,0.0006015165473822909,-0.006941277379982624,0.8990818944371575,27,304
train,prosody,control_reverse,emotion_4,brows,local_mean,308,0.0016187485218808594,0.0016159331259033866,-0.0017422725806792716,0.914146050936909,5,308
train,prosody,control_reverse,emotion_4,brows,local_std,308,9.306158333484704e-05,9.296505878572382e-05,-0.001038288475089244,0.9576746783672796,5,308
train,prosody,control_reverse,emotion_4,eyes,local_mean,308,0.0036949548142938557,0.0036769107563092117,-0.004907396230295236,1.1575268630596105,14,308
train,prosody,control_reverse,emotion_4,eyes,local_std,308,0.0005170983100995412,0.0005159800419604913,-0.0021672701424673146,1.188535665218338,14,308
train,prosody,control_reverse,emotion_5,all51,local_mean,300,0.004326713070017914,0.004320503887288018,-0.0014371431878963392,0.9674860858320259,47,300
train,prosody,control_reverse,emotion_5,all51,local_std,300,0.000576609018775339,0.000574656239900193,-0.00339816874778065,0.9789425653318157,46,300
train,prosody,control_reverse,emotion_5,mouth,local_mean,299,0.005553764318842204,0.00554998825096848,-0.0006803740301728478,0.926242901909676,27,299
train,prosody,control_reverse,emotion_5,mouth,local_std,299,0.0007185800564916958,0.00071489483737733,-0.0051549107948316575,0.8861917520456131,27,299
train,prosody,control_reverse,emotion_5,brows,local_mean,300,0.0018438189771412576,0.0018402984016435756,-0.0019130460008756067,0.9510392579394787,5,300
train,prosody,control_reverse,emotion_5,brows,local_std,300,0.00011732490281795798,0.00011722395949505647,-0.0008611151110773374,1.145087944492431,5,300
train,prosody,control_reverse,emotion_5,eyes,local_mean,300,0.004420616075410968,0.0044066074749878606,-0.0031789989243700134,1.0146421979327394,14,300
train,prosody,control_reverse,emotion_5,eyes,local_std,300,0.0006767531550902881,0.0006767628545209773,1.4332096722524668e-05,1.1017498540022106,14,300
train,prosody,control_reverse,emotion_6,all51,local_mean,280,0.0029963852892063015,0.0029957094712124276,-0.00022559530567578534,0.9026248082599067,47,280
train,prosody,control_reverse,emotion_6,all51,local_std,280,0.0004070240752485389,0.00040604480926755384,-0.002411718999071999,0.8678578346184013,46,280
train,prosody,control_reverse,emotion_6,mouth,local_mean,279,0.0036192818422325066,0.003617530672172646,-0.00048407884232504195,0.9880824264997917,27,279
train,prosody,control_reverse,emotion_6,mouth,local_std,279,0.0005223531630224728,0.0005204593867178157,-0.003638662983100227,0.9154961071479706,27,279
train,prosody,control_reverse,emotion_6,brows,local_mean,280,0.0016227285697351455,0.0016222291852789738,-0.000307838411923278,0.789589084530191,5,280
train,prosody,control_reverse,emotion_6,brows,local_std,280,9.751776975792936e-05,9.73938378581133e-05,-0.001272481940763237,0.8183562237325919,5,280
train,prosody,control_reverse,emotion_6,eyes,local_mean,280,0.003361254878305245,0.00336107404778454,-5.380140935140609e-05,0.8095735205274006,14,280
train,prosody,control_reverse,emotion_6,eyes,local_std,280,0.0004421443724814864,0.00044214686469221933,5.636612926518403e-06,0.7903563205690983,14,280
train,prosody,control_reverse,emotion_7,all51,local_mean,301,0.002750636948455531,0.002739603826195742,-0.004027269254879728,0.9368839332191435,47,301
train,prosody,control_reverse,emotion_7,all51,local_std,301,0.0004215433413059841,0.000419818168389623,-0.004109333626457046,0.9960342230625305,46,301
train,prosody,control_reverse,emotion_7,mouth,local_mean,301,0.003088084670675563,0.0030753515756519814,-0.004140370526866333,0.7805526288414938,27,301
train,prosody,control_reverse,emotion_7,mouth,local_std,301,0.0005281562987974984,0.0005248227501788267,-0.00635176088981626,0.838475897639002,27,301
train,prosody,control_reverse,emotion_7,brows,local_mean,301,0.0019490913969531691,0.0019471367272655253,-0.0010038687372453392,1.073987225742824,5,301
train,prosody,control_reverse,emotion_7,brows,local_std,301,0.00010286676417555457,0.00010276622480015866,-0.0009783309213842184,1.0875760202688445,5,301
train,prosody,control_reverse,emotion_7,eyes,local_mean,301,0.0033684809960984807,0.0033535436955572473,-0.004454183960990843,1.231489054028345,14,301
train,prosody,control_reverse,emotion_7,eyes,local_std,301,0.000480296790034337,0.00048047712724646016,0.00037532944212481656,1.2672032088056524,14,301
speaker_dev,u,forward,all,all51,local_mean,281,0.002227676989363161,0.00220832930912808,-0.008761229656785163,0.6140993888326363,47,281
speaker_dev,u,forward,all,all51,local_std,281,0.0002878078408185732,0.0002909035567410716,0.010641725928617118,0.5706394145774113,46,281
speaker_dev,u,forward,all,mouth,local_mean,280,0.002668488102165108,0.0026176300724800572,-0.019429036294981827,0.5874416727225604,27,280
speaker_dev,u,forward,all,mouth,local_std,280,0.0003321078645092923,0.0003381937345986641,0.01799521832240314,0.4997944309467081,27,280
speaker_dev,u,forward,all,brows,local_mean,281,0.0006512233506470175,0.0006709879057256007,0.029455903616042,0.3360481967601077,5,281
speaker_dev,u,forward,all,brows,local_std,281,4.055235941923901e-05,4.1257520319092494e-05,0.01709169369365038,0.3819242671754883,5,281
speaker_dev,u,forward,all,eyes,local_mean,281,0.0027518461220134315,0.0027719447174722263,0.007250720164838964,0.7697380213090347,14,281
speaker_dev,u,forward,all,eyes,local_std,281,0.00039559410285860876,0.00039493839091478574,-0.0016602891967636424,0.7770235253195179,14,281
speaker_dev,u,forward,emotion_1,all51,local_mean,37,0.002060189894956206,0.0020026437195259815,-0.02873510393743195,0.4720146426336283,47,37
speaker_dev,u,forward,emotion_1,all51,local_std,37,0.00020839627580186175,0.00020824286198980823,-0.0007367062217049636,0.3882013979463158,46,37
speaker_dev,u,forward,emotion_1,mouth,local_mean,37,0.0024953355162031384,0.002372653152593716,-0.051706825953599544,0.3902466508987503,27,37
speaker_dev,u,forward,emotion_1,mouth,local_std,37,0.00025887384878727984,0.0002615115314119406,0.010086295661302369,0.29582853492187605,27,37
speaker_dev,u,forward,emotion_1,brows,local_mean,37,0.0005130090202745643,0.0005346865950690106,0.0405425813819934,0.2494690759158624,5,37
speaker_dev,u,forward,emotion_1,brows,local_std,37,3.532025286165234e-05,3.5298983169815444e-05,-0.0006025582021604858,0.2786710247046406,5,37
speaker_dev,u,forward,emotion_1,eyes,local_mean,37,0.0025093266536069907,0.0025285537508153056,0.007603989910088038,0.7176196964763107,14,37
speaker_dev,u,forward,emotion_1,eyes,local_std,37,0.0002472867238414235,0.0002416484988302219,-0.02333234031452802,0.6054670527940477,14,37
speaker_dev,u,forward,emotion_2,all51,local_mean,34,0.0023944344006096704,0.0023549284148383716,-0.016775875445882882,1.0221212898474605,47,34
speaker_dev,u,forward,emotion_2,all51,local_std,34,0.0003331357610743677,0.00034073168884637175,0.022292988943065084,0.8931604139130499,46,34
speaker_dev,u,forward,emotion_2,mouth,local_mean,34,0.0027381486778218327,0.0026484294911054327,-0.03387637353296191,1.2897753340405278,27,34
speaker_dev,u,forward,emotion_2,mouth,local_std,34,0.0003824456918520337,0.00039854157288454485,0.04038695616121846,1.017294471057638,27,34
speaker_dev,u,forward,emotion_2,brows,local_mean,34,0.0004947961863548939,0.0004929075853247229,-0.003831551971201108,0.24637439029668146,5,34
speaker_dev,u,forward,emotion_2,brows,local_std,34,3.0287011360375192e-05,3.055599755709607e-05,0.008803057279287319,0.26193764961454247,5,34
speaker_dev,u,forward,emotion_2,eyes,local_mean,34,0.003265153288910757,0.0032949429136036185,0.009041013903418715,0.8113684704625759,14,34
speaker_dev,u,forward,emotion_2,eyes,local_std,34,0.00046517526607018587,0.00046170802877700743,-0.007509588478161522,0.8791957195265251,14,34
speaker_dev,u,forward,emotion_3,all51,local_mean,36,0.0021970529771734725,0.002215918936383611,0.00851383094407232,0.5142300256771185,47,36
speaker_dev,u,forward,emotion_3,all51,local_std,36,0.00029590018565736495,0.00030926653310033047,0.043219508134199836,0.4647713383977583,46,36
speaker_dev,u,forward,emotion_3,mouth,local_mean,36,0.002672142070495723,0.0026845075449281174,0.004606235678404569,0.44649331815464305,27,36
speaker_dev,u,forward,emotion_3,mouth,local_std,36,0.0003704937733763154,0.0003952686489229999,0.06267857472174765,0.40875765236069045,27,36
speaker_dev,u,forward,emotion_3,brows,local_mean,36,0.0005087378721726799,0.0005304619980565766,0.04095321806931718,0.24230315246881315,5,36
speaker_dev,u,forward,emotion_3,brows,local_std,36,3.6970158454074596e-05,3.7759203759282324e-05,0.020896767586465748,0.2994462887580913,5,36
speaker_dev,u,forward,emotion_3,eyes,local_mean,36,0.0026684396688968527,0.0027055591130918637,0.013719694393441562,0.7067607238060493,14,36
speaker_dev,u,forward,emotion_3,eyes,local_std,36,0.00035019459777301654,0.00035082436143510685,0.001795096724509504,0.6318423934834132,14,36
speaker_dev,u,forward,emotion_4,all51,local_mean,37,0.00215582260902271,0.002117081105932725,-0.018299489321131235,0.5674946266001745,47,37
speaker_dev,u,forward,emotion_4,all51,local_std,37,0.0002925743924965229,0.0002897213580306455,-0.009847511710115775,0.5935555823673044,46,37
speaker_dev,u,forward,emotion_4,mouth,local_mean,37,0.0024668689437025494,0.0023697876137830534,-0.040966257632057745,0.46583024932867084,27,37
speaker_dev,u,forward,emotion_4,mouth,local_std,37,0.0003020547502557802,0.00029584027496813915,-0.021006184125235583,0.4492493948558663,27,37
speaker_dev,u,forward,emotion_4,brows,local_mean,37,0.0008117319731970286,0.0008393122144849898,0.03286052652633531,0.4337487694334291,5,37
speaker_dev,u,forward,emotion_4,brows,local_std,37,4.7896119282676534e-05,4.862379122470179e-05,0.014965347697025844,0.49969790320222374,5,37
speaker_dev,u,forward,emotion_4,eyes,local_mean,37,0.0028059160252946313,0.0028421643925072024,0.012753789790672432,0.8268959323241719,14,37
speaker_dev,u,forward,emotion_4,eyes,local_std,37,0.0004661667304366427,0.0004674987153091099,0.0028491733321374113,0.9053809722697498,14,37
speaker_dev,u,forward,emotion_5,all51,local_mean,48,0.002987761959030205,0.0030282206173996005,0.013360538574015202,0.6455715435690295,47,48
speaker_dev,u,forward,emotion_5,all51,local_std,48,0.00038281692539867,0.00038867145965592833,0.01506293840674866,0.6344314469277955,46,48
speaker_dev,u,forward,emotion_5,mouth,local_mean,47,0.0038965715016954076,0.003963474362835472,0.016879852123529937,0.6122243296089416,27,47
speaker_dev,u,forward,emotion_5,mouth,local_std,47,0.0004825793908849032,0.0004897361060372142,0.01461341131292293,0.6116355972614188,27,47
speaker_dev,u,forward,emotion_5,brows,local_mean,48,0.0006858747245908468,0.0007018633349471538,0.022780233074165213,0.3825310075867409,5,48
speaker_dev,u,forward,emotion_5,brows,local_std,48,3.4792775129392904e-05,3.5001838877409254e-05,0.005972936129115314,0.3558254409915682,5,48
speaker_dev,u,forward,emotion_5,eyes,local_mean,48,0.003265397436750783,0.003280171203494948,0.004503962088449498,0.7927324205835533,14,48
speaker_dev,u,forward,emotion_5,eyes,local_std,48,0.00046993620503884534,0.00047775689365808365,0.01636959868722554,0.7961844124581785,14,48
speaker_dev,u,forward,emotion_6,all51,local_mean,45,0.0021323158097916128,0.0021130836933661384,-0.009101445667226482,0.5935825424979978,47,45
speaker_dev,u,forward,emotion_6,all51,local_std,45,0.00025216522508974735,0.0002585360507577192,0.024641923821842937,0.48724538544095075,46,45
speaker_dev,u,forward,emotion_6,mouth,local_mean,45,0.0026784865518206754,0.002638370046250506,-0.015205033739365215,0.6347794063761932,27,45
speaker_dev,u,forward,emotion_6,mouth,local_std,45,0.00030071483161608003,0.00031316794015188575,0.03976495336580743,0.45337828207053366,27,45
speaker_dev,u,forward,emotion_6,brows,local_mean,45,0.0006245925772885263,0.0006304815024410962,0.009340361501121275,0.29438968228309165,5,45
speaker_dev,u,forward,emotion_6,brows,local_std,45,4.401980641952672e-05,4.5926266985595084e-05,0.04151133308235844,0.3592030804099337,5,45
speaker_dev,u,forward,emotion_6,eyes,local_mean,45,0.0023789997600639624,0.0023842042476357335,0.0021829034055836916,0.6298885504938699,14,45
speaker_dev,u,forward,emotion_6,eyes,local_std,45,0.00032293043277686233,0.0003214408519939968,-0.004634074274085576,0.5982899080235464,14,45
speaker_dev,u,forward,emotion_7,all51,local_mean,44,0.0015934842975177757,0.0015415162198192433,-0.03371231326039892,0.5258416367592468,47,44
speaker_dev,u,forward,emotion_7,all51,local_std,44,0.0002417367826047818,0.00023432723507986052,-0.03162051360524121,0.5578793902706513,46,44
speaker_dev,u,forward,emotion_7,mouth,local_mean,44,0.0016047767862344775,0.0014947111474758806,-0.07363672837020374,0.3532519423729151,27,44
speaker_dev,u,forward,emotion_7,mouth,local_std,44,0.00022003444861768293,0.00020868158458355838,-0.05440280730463187,0.31641759086128535,27,44
speaker_dev,u,forward,emotion_7,brows,local_mean,44,0.0008593649609258142,0.0009043874553864938,0.049782307563564165,0.4645867314954398,5,44
speaker_dev,u,forward,emotion_7,brows,local_std,44,5.237678731311334e-05,5.3254886916477274e-05,0.01648862018505659,0.5816218744438685,5,44
speaker_dev,u,forward,emotion_7,eyes,local_mean,44,0.0024029926158237696,0.002409870415035617,0.002854012053484567,0.9028011524827463,14,44
speaker_dev,u,forward,emotion_7,eyes,local_std,44,0.0004375543911805072,0.00043214367496589856,-0.012520641925479081,1.0150762590697082,14,44
speaker_dev,u,control_forward,all,all51,local_mean,281,0.0022273887922897094,0.0022075862741686493,-0.00897021255874475,0.6140328043564968,47,281
speaker_dev,u,control_forward,all,all51,local_std,281,0.0002877835245068411,0.00029087660061358835,0.01063363673881823,0.5705497870365724,46,281
speaker_dev,u,control_forward,all,mouth,local_mean,280,0.0026665274841792754,0.0026148128297505844,-0.019777574073484905,0.5872762294313743,27,280
speaker_dev,u,control_forward,all,mouth,local_std,280,0.00033195893587447127,0.00033799621286068683,0.01786196636677695,0.49970814090767257,27,280
speaker_dev,u,control_forward,all,brows,local_mean,281,0.0006510862645000167,0.000670781389469713,0.029361466013936854,0.33600100901740426,5,281
speaker_dev,u,control_forward,all,brows,local_std,281,4.0565588233359085e-05,4.1265684059672804e-05,0.016965569389358337,0.3820201879077019,5,281
speaker_dev,u,control_forward,all,eyes,local_mean,281,0.00275461295721318,0.00277472562303181,0.007248524197017381,0.7698966828929622,14,281
speaker_dev,u,control_forward,all,eyes,local_std,281,0.00039578699477539755,0.0003952168570676172,-0.0014425946099834164,0.7768606016981314,14,281
speaker_dev,u,control_forward,emotion_1,all51,local_mean,37,0.002060838547834107,0.0020032236297437968,-0.028761101474066963,0.47205663912834445,47,37
speaker_dev,u,control_forward,emotion_1,all51,local_std,37,0.000208441890340259,0.000208327384047033,-0.0005496459034888268,0.3878791045980181,46,37
speaker_dev,u,control_forward,emotion_1,mouth,local_mean,37,0.0024950117793218476,0.0023720859648092827,-0.05182182110438327,0.39020255582257085,27,37
speaker_dev,u,control_forward,emotion_1,mouth,local_std,37,0.0002589577176678848,0.0002615805640470712,0.010026916138595077,0.29590321590721186,27,37
speaker_dev,u,control_forward,emotion_1,brows,local_mean,37,0.0005132175723582094,0.0005348968920677727,0.0405299040451641,0.24957464540138072,5,37
speaker_dev,u,control_forward,emotion_1,brows,local_std,37,3.536078309849973e-05,3.533795992270105e-05,-0.0006458543687468676,0.27896978847867016,5,37
speaker_dev,u,control_forward,emotion_1,eyes,local_mean,37,0.00251223947063808,0.002531685037645492,0.007680879224019277,0.7178293483903044,14,37
speaker_dev,u,control_forward,emotion_1,eyes,local_std,37,0.00024727666893371294,0.0002418093459773238,-0.022610056423963965,0.6041573599729115,14,37
speaker_dev,u,control_forward,emotion_2,all51,local_mean,34,0.002395267563580816,0.002355840162362361,-0.01673602557947662,1.021885668097579,47,34
speaker_dev,u,control_forward,emotion_2,all51,local_std,34,0.00033292743926981595,0.0003405343914481759,0.022338278803530454,0.8925003858777751,46,34
speaker_dev,u,control_forward,emotion_2,mouth,local_mean,34,0.0027381486778218327,0.0026484294911054327,-0.03387637353296191,1.2897753340405278,27,34
speaker_dev,u,control_forward,emotion_2,mouth,local_std,34,0.0003824456918520337,0.00039854157288454485,0.04038695616121846,1.017294471057638,27,34
speaker_dev,u,control_forward,emotion_2,brows,local_mean,34,0.00049376589154104,0.000491870929981294,-0.0038525585559976427,0.2458806595742886,5,34
speaker_dev,u,control_forward,emotion_2,brows,local_std,34,3.0262942490374796e-05,3.0532466232913054e-05,0.008827447494160201,0.2617616501561257,5,34
speaker_dev,u,control_forward,emotion_2,eyes,local_mean,34,0.0032685563476384386,0.0032986345169798126,0.009118369794090753,0.810877948981948,14,34
speaker_dev,u,control_forward,emotion_2,eyes,local_std,34,0.0004644249754304208,0.00046099770653317923,-0.007434459756894496,0.8770899129314859,14,34
speaker_dev,u,control_forward,emotion_3,all51,local_mean,36,0.002198649019075054,0.00221750850218349,0.008504807575648976,0.5144878467356454,47,36
speaker_dev,u,control_forward,emotion_3,all51,local_std,36,0.00029619551679615667,0.0003095840096609704,0.04324671962055027,0.4652532688349738,46,36
speaker_dev,u,control_forward,emotion_3,mouth,local_mean,36,0.002672142070495723,0.0026845075449281174,0.004606235678404569,0.44649331815464305,27,36
speaker_dev,u,control_forward,emotion_3,mouth,local_std,36,0.0003704937733763154,0.0003952686489229999,0.06267857472174765,0.40875765236069045,27,36
speaker_dev,u,control_forward,emotion_3,brows,local_mean,36,0.0005090927941241238,0.0005306643086656045,0.040650019587192276,0.24246979457705564,5,36
speaker_dev,u,control_forward,emotion_3,brows,local_std,36,3.701975005847217e-05,3.7804099758338776e-05,0.02074774177617056,0.2998621991354623,5,36
speaker_dev,u,control_forward,emotion_3,eyes,local_mean,36,0.0026741270659361494,0.002711277423162691,0.013702160062693203,0.7076730385012948,14,36
speaker_dev,u,control_forward,emotion_3,eyes,local_std,36,0.0003512527355095492,0.00035196484879737653,0.00202325115778057,0.6332773397852033,14,36
speaker_dev,u,control_forward,emotion_4,all51,local_mean,37,0.00215659886963062,0.0021177763107449476,-0.018331756139068567,0.56771332527193,47,37
speaker_dev,u,control_forward,emotion_4,all51,local_std,37,0.00029268095435413795,0.0002898610526546891,-0.009728460148829443,0.5935979373427289,46,37
speaker_dev,u,control_forward,emotion_4,mouth,local_mean,37,0.0024668689437025494,0.0023697876137830534,-0.040966257632057745,0.46583024932867084,27,37
speaker_dev,u,control_forward,emotion_4,mouth,local_std,37,0.0003020547502557802,0.00029584027496813915,-0.021006184125235583,0.4492493948558663,27,37
speaker_dev,u,control_forward,emotion_4,brows,local_mean,37,0.0008118679494060988,0.0008393311016229903,0.03272028424037521,0.43387168617773525,5,37
speaker_dev,u,control_forward,emotion_4,brows,local_std,37,4.788216640829914e-05,4.860509555007275e-05,0.014873525781445074,0.499336367586726,5,37
speaker_dev,u,control_forward,emotion_4,eyes,local_mean,37,0.002808695268250811,0.0028446901784731473,0.012653367489621092,0.8275571606616227,14,37
speaker_dev,u,control_forward,emotion_4,eyes,local_std,37,0.00046655990318894325,0.000468014279860955,0.0031075476424433646,0.9056492584802509,14,37
speaker_dev,u,control_forward,emotion_5,all51,local_mean,48,0.0029835089792423232,0.003021370012334603,0.012531081243844389,0.6451975280713319,47,48
speaker_dev,u,control_forward,emotion_5,all51,local_std,48,0.0003825617538953101,0.0003882930443404149,0.014760219191771506,0.6345866160007455,46,48
speaker_dev,u,control_forward,emotion_5,mouth,local_mean,47,0.0038856359648730414,0.003947579455940149,0.015691512168019228,0.6113167442808877,27,47
speaker_dev,u,control_forward,emotion_5,mouth,local_std,47,0.00048161810059190434,0.000488489116946748,0.014065853499030334,0.6110264954534219,27,47
speaker_dev,u,control_forward,emotion_5,brows,local_mean,48,0.0006852969549036654,0.0007009278109218995,0.022300236593088663,0.3822986509099329,5,48
speaker_dev,u,control_forward,emotion_5,brows,local_std,48,3.4825282307917426e-05,3.5025587657364276e-05,0.005718829085933574,0.3561385003219179,5,48
speaker_dev,u,control_forward,emotion_5,eyes,local_mean,48,0.003270761377858193,0.0032855653770924517,0.0045057691858682025,0.7934145063523662,14,48
speaker_dev,u,control_forward,emotion_5,eyes,local_std,48,0.0004708103356262424,0.00047872470422087354,0.0165321917270006,0.7977326702976694,14,48
speaker_dev,u,control_forward,emotion_6,all51,local_mean,45,0.0021323968995453,0.002113219047756705,-0.00907518404632679,0.5935515092017726,47,45
speaker_dev,u,control_forward,emotion_6,all51,local_std,45,0.0002520040649048713,0.00025837058578542733,0.024641043643579885,0.4866568928560072,46,45
speaker_dev,u,control_forward,emotion_6,mouth,local_mean,45,0.0026784865518206754,0.002638370046250506,-0.015205033739365215,0.6347794063761932,27,45
speaker_dev,u,control_forward,emotion_6,mouth,local_std,45,0.00030071483161608003,0.00031316794015188575,0.03976495336580743,0.45337828207053366,27,45
speaker_dev,u,control_forward,emotion_6,brows,local_mean,45,0.0006244554964657487,0.0006303920722157233,0.009417275393563407,0.2943295412574899,5,45
speaker_dev,u,control_forward,emotion_6,brows,local_std,45,4.399591059025038e-05,4.588902644974361e-05,0.04125421709624877,0.3590243308589683,5,45
speaker_dev,u,control_forward,emotion_6,eyes,local_mean,45,0.0023793441154909786,0.0023847292633126338,0.002258179955478279,0.6297869352412104,14,45
speaker_dev,u,control_forward,emotion_6,eyes,local_std,45,0.0003223518835219741,0.0003208513869084381,-0.004676609404727916,0.5964201286555053,14,45
speaker_dev,u,control_forward,emotion_7,all51,local_mean,44,0.0015930525648998571,0.0015410285432560964,-0.033759284908400966,0.5256080655013828,47,44
speaker_dev,u,control_forward,emotion_7,all51,local_std,44,0.0002418160564818226,0.0002344412833803985,-0.03145680229645387,0.558090705932038,46,44
speaker_dev,u,control_forward,emotion_7,mouth,local_mean,44,0.0016042535012168817,0.0014942388431088771,-0.07362588559076055,0.35320566752530264,27,44
speaker_dev,u,control_forward,emotion_7,mouth,local_std,44,0.00022004302765038072,0.0002086985889726138,-0.05435800372975019,0.31645630398829644,27,44
speaker_dev,u,control_forward,emotion_7,brows,local_mean,44,0.0008594759986824286,0.0009046234038442414,0.04990740342329936,0.46465340079317413,5,44
speaker_dev,u,control_forward,emotion_7,brows,local_std,44,5.240592244780228e-05,5.328359834691451e-05,0.016471783557069908,0.581924246576228,5,44
speaker_dev,u,control_forward,emotion_7,eyes,local_mean,44,0.002402389411598159,0.002408920484428917,0.002711203160492004,0.9020745230863683,14,44
speaker_dev,u,control_forward,emotion_7,eyes,local_std,44,0.00043781622390504267,0.0004325160883561101,-0.012254192830322364,1.0155879308791864,14,44
speaker_dev,u,control_reverse,all,all51,local_mean,281,0.0023250066805807247,0.0022075862741686493,-0.05318949831589004,0.6387703373666858,47,281
speaker_dev,u,control_reverse,all,all51,local_std,281,0.0003156703375855921,0.00029087660061358835,-0.08523799067956217,0.6139459473317862,46,281
speaker_dev,u,control_reverse,all,mouth,local_mean,280,0.002805280699055574,0.0026148128297505844,-0.07284187500455142,0.6089464916722829,27,280
speaker_dev,u,control_reverse,all,mouth,local_std,280,0.0003782839980841436,0.00033799621286068683,-0.11919596637629293,0.558391904195775,27,280
speaker_dev,u,control_reverse,all,brows,local_mean,281,0.0007043067765189783,0.000670781389469713,-0.04997960226023701,0.362037308725652,5,281
speaker_dev,u,control_reverse,all,brows,local_std,281,4.306599255041606e-05,4.1265684059672804e-05,-0.04362725426143177,0.40374045062019925,5,281
speaker_dev,u,control_reverse,all,eyes,local_mean,281,0.0028243249860973006,0.00277472562303181,-0.017875411771811622,0.7916028597177225,14,281
speaker_dev,u,control_reverse,all,eyes,local_std,281,0.000407454323306753,0.0003952168570676172,-0.030963927829227522,0.7988309022270388,14,281
speaker_dev,u,control_reverse,emotion_1,all51,local_mean,37,0.0021167283023624138,0.0020032236297437968,-0.05666100925193951,0.4892329457716591,47,37
speaker_dev,u,control_reverse,emotion_1,all51,local_std,37,0.0002388585513468635,0.000208327384047033,-0.14655378811331699,0.4312287209931158,46,37
speaker_dev,u,control_reverse,emotion_1,mouth,local_mean,37,0.002543960875082626,0.0023720859648092827,-0.0724572856225143,0.40010829227162925,27,37
speaker_dev,u,control_reverse,emotion_1,mouth,local_std,37,0.0003125920432425018,0.0002615805640470712,-0.1950124978943435,0.3569098972452524,27,37
speaker_dev,u,control_reverse,emotion_1,brows,local_mean,37,0.0005678075457555052,0.0005348968920677727,-0.06152709835442938,0.27533648157625484,5,37
speaker_dev,u,control_reverse,emotion_1,brows,local_std,37,3.739677152563225e-05,3.533795992270105e-05,-0.058260624196605715,0.2959772851712166,5,37
speaker_dev,u,control_reverse,emotion_1,eyes,local_mean,37,0.002601939369493564,0.002531685037645492,-0.02775002846065311,0.7355003329525551,14,37
speaker_dev,u,control_reverse,emotion_1,eyes,local_std,37,0.0002539154428339298,0.0002418093459773238,-0.0500646358711927,0.6228619653003878,14,37
speaker_dev,u,control_reverse,emotion_2,all51,local_mean,34,0.0024289490954602037,0.002355840162362361,-0.03103306169317155,1.0423136309479641,47,34
speaker_dev,u,control_reverse,emotion_2,all51,local_std,34,0.0003571974816100426,0.0003405343914481759,-0.04893218006852207,0.9386773218521911,46,34
speaker_dev,u,control_reverse,emotion_2,mouth,local_mean,34,0.002769200368596051,0.0026484294911054327,-0.0456009411978755,1.3100831518815088,27,34
speaker_dev,u,control_reverse,emotion_2,mouth,local_std,34,0.0004260317900664397,0.00039854157288454485,-0.06897703791081944,1.0876230753238891,27,34
speaker_dev,u,control_reverse,emotion_2,brows,local_mean,34,0.0005134933290522757,0.000491870929981294,-0.04395949781338793,0.25468366685713095,5,34
speaker_dev,u,control_reverse,emotion_2,brows,local_std,34,3.2256741577018344e-05,3.0532466232913054e-05,-0.056473503678080794,0.2791502714478488,5,34
speaker_dev,u,control_reverse,emotion_2,eyes,local_mean,34,0.00332432231809144,0.0032986345169798126,-0.007787404448537316,0.8313770714337896,14,34
speaker_dev,u,control_reverse,emotion_2,eyes,local_std,34,0.0004680662952902463,0.00046099770653317923,-0.015333240614632704,0.8869701724440381,14,34
speaker_dev,u,control_reverse,emotion_3,all51,local_mean,36,0.0023233977360920415,0.00221750850218349,-0.04775144438196599,0.5520152394162625,47,36
speaker_dev,u,control_reverse,emotion_3,all51,local_std,36,0.00033100194414376245,0.0003095840096609704,-0.06918294813174342,0.5090656474368335,46,36
speaker_dev,u,control_reverse,emotion_3,mouth,local_mean,36,0.0028639000921579514,0.0026845075449281174,-0.0668251231287329,0.48942456255191097,27,36
speaker_dev,u,control_reverse,emotion_3,mouth,local_std,36,0.0004284031277609141,0.0003952686489229999,-0.08382774330369158,0.4668973221617823,27,36
speaker_dev,u,control_reverse,emotion_3,brows,local_mean,36,0.0005569926684440416,0.0005306643086656045,-0.049613963759201685,0.2652952633350468,5,36
speaker_dev,u,control_reverse,emotion_3,brows,local_std,36,3.9508109827181036e-05,3.7804099758338776e-05,-0.045074742679632074,0.3204172475513576,5,36
speaker_dev,u,control_reverse,emotion_3,eyes,local_mean,36,0.0027416423247868626,0.002711277423162691,-0.011199481604044603,0.7257870782957425,14,36
speaker_dev,u,control_reverse,emotion_3,eyes,local_std,36,0.0003654765296127415,0.00035196484879737653,-0.03838929046901374,0.6577647032835304,14,36
speaker_dev,u,control_reverse,emotion_4,all51,local_mean,37,0.0022497324333737223,0.0021177763107449476,-0.0623088104061178,0.5977496606769668,47,37
speaker_dev,u,control_reverse,emotion_4,all51,local_std,37,0.0003287533224531743,0.0002898610526546891,-0.1341755625403649,0.638447922613197,46,37
speaker_dev,u,control_reverse,emotion_4,mouth,local_mean,37,0.0025734985266636632,0.0023697876137830534,-0.08596167508674424,0.4862842417857669,27,37
speaker_dev,u,control_reverse,emotion_4,mouth,local_std,37,0.0003615731313953284,0.00029584027496813915,-0.22219035739561965,0.5070471649832462,27,37
speaker_dev,u,control_reverse,emotion_4,brows,local_mean,37,0.0008862947905297227,0.0008393311016229903,-0.05595370982431125,0.471528723853402,5,37
speaker_dev,u,control_reverse,emotion_4,brows,local_std,37,5.020411061046674e-05,4.860509555007275e-05,-0.03289809519552711,0.5192542530069042,5,37
speaker_dev,u,control_reverse,emotion_4,eyes,local_mean,37,0.002915743507134241,0.0028446901784731473,-0.02497752802705233,0.8637545193310123,14,37
speaker_dev,u,control_reverse,emotion_4,eyes,local_std,37,0.0004823516612153448,0.000468014279860955,-0.030634495508661264,0.9344328371874924,14,37
speaker_dev,u,control_reverse,emotion_5,all51,local_mean,48,0.00317817201915693,0.003021370012334603,-0.05189765112587663,0.683363286384778,47,48
speaker_dev,u,control_reverse,emotion_5,all51,local_std,48,0.00040776373427217047,0.0003882930443404149,-0.05014431810085607,0.6731790512150253,46,48
speaker_dev,u,control_reverse,emotion_5,mouth,local_mean,47,0.004215958327202766,0.003947579455940149,-0.06798567939114486,0.6506467663966141,27,47
speaker_dev,u,control_reverse,emotion_5,mouth,local_std,47,0.0005171632574593523,0.000488489116946748,-0.05869965065307725,0.65852278112209,27,47
speaker_dev,u,control_reverse,emotion_5,brows,local_mean,48,0.0007431154441034487,0.0007009278109218995,-0.06018827120878778,0.4102383348717627,5,48
speaker_dev,u,control_reverse,emotion_5,brows,local_std,48,3.65912515146131e-05,3.5025587657364276e-05,-0.04470057355110901,0.37102629883857613,5,48
speaker_dev,u,control_reverse,emotion_5,eyes,local_mean,48,0.0033340269126528564,0.0032855653770924517,-0.01474983145923292,0.8149070600460006,14,48
speaker_dev,u,control_reverse,emotion_5,eyes,local_std,48,0.0004948396991818894,0.00047872470422087354,-0.03366234250902744,0.8290196534367947,14,48
speaker_dev,u,control_reverse,emotion_6,all51,local_mean,45,0.002224367015133051,0.002113219047756705,-0.05259651974760304,0.6084060269132782,47,45
speaker_dev,u,control_reverse,emotion_6,all51,local_std,45,0.00028070703822374534,0.00025837058578542733,-0.0864512203291905,0.5374576961958195,46,45
speaker_dev,u,control_reverse,emotion_6,mouth,local_mean,45,0.002816400170113227,0.002638370046250506,-0.06747731392559086,0.6468253466711745,27,45
speaker_dev,u,control_reverse,emotion_6,mouth,local_std,45,0.00034945045061920505,0.00031316794015188575,-0.11585640104067596,0.522549256178585,27,45
speaker_dev,u,control_reverse,emotion_6,brows,local_mean,45,0.0006434227932012891,0.0006303920722157233,-0.0206708198911274,0.3029117748823779,5,45
speaker_dev,u,control_reverse,emotion_6,brows,local_std,45,4.8062098218741064e-05,4.588902644974361e-05,-0.04735493291358761,0.3929773198029852,5,45
speaker_dev,u,control_reverse,emotion_6,eyes,local_mean,45,0.002441627712626316,0.0023847292633126338,-0.023859500610414974,0.6487533342166861,14,45
speaker_dev,u,control_reverse,emotion_6,eyes,local_std,45,0.00033147037321322996,0.0003208513869084381,-0.033096276775085975,0.6178098220836412,14,45
speaker_dev,u,control_reverse,emotion_7,all51,local_mean,44,0.0016566470380787782,0.0015410285432560964,-0.07502683537476029,0.5405724393785555,47,44
speaker_dev,u,control_reverse,emotion_7,all51,local_std,44,0.0002599196636795535,0.0002344412833803985,-0.10867702109365451,0.5954816442946538,46,44
speaker_dev,u,control_reverse,emotion_7,mouth,local_mean,44,0.0016816212042584302,0.0014942388431088771,-0.1254032191799337,0.3604282698052664,27,44
speaker_dev,u,control_reverse,emotion_7,mouth,local_std,44,0.00025081525367851894,0.0002086985889726138,-0.20180617853353988,0.36660332892617264,27,44
speaker_dev,u,control_reverse,emotion_7,brows,local_mean,44,0.0009539623067384783,0.0009046234038442414,-0.054540820726689976,0.5128665239603444,5,44
speaker_dev,u,control_reverse,emotion_7,brows,local_std,44,5.5048081992939374e-05,5.328359834691451e-05,-0.033114949079392275,0.6083665417096323,5,44
speaker_dev,u,control_reverse,emotion_7,eyes,local_mean,44,0.002451100756253531,0.002408920484428917,-0.01751003077821145,0.9218949972007622,14,44
speaker_dev,u,control_reverse,emotion_7,eyes,local_std,44,0.0004434750122300303,0.0004325160883561101,-0.02533760978827959,1.0322880748570893,14,44
speaker_dev,hidden,forward,all,all51,local_mean,281,0.0022855443761554285,0.00220832930912808,-0.034965377087638805,0.6351626158737538,47,281
speaker_dev,hidden,forward,all,all51,local_std,281,0.0002949501614929165,0.0002909035567410716,-0.013910468463081527,0.5824933696369642,46,281
speaker_dev,hidden,forward,all,mouth,local_mean,280,0.002740442300453528,0.0026176300724800572,-0.046917335365540325,0.6127980324948546,27,280
speaker_dev,hidden,forward,all,mouth,local_std,280,0.00034467734640230234,0.0003381937345986641,-0.019171294853621124,0.5168964714143426,27,280
speaker_dev,hidden,forward,all,brows,local_mean,281,0.0006740991262537702,0.0006709879057256007,-0.004636775866779574,0.34775272725935213,5,281
speaker_dev,hidden,forward,all,brows,local_std,281,4.0720955428206125e-05,4.1257520319092494e-05,0.01300526271905067,0.3833023065178408,5,281
speaker_dev,hidden,forward,all,eyes,local_mean,281,0.002815908054951512,0.0027719447174722263,-0.015860106156581733,0.7874521522473827,14,281
speaker_dev,hidden,forward,all,eyes,local_std,281,0.0003974019135848211,0.00039493839091478574,-0.0062377391682009176,0.7826659011418924,14,281
speaker_dev,hidden,forward,emotion_1,all51,local_mean,37,0.002127581216582269,0.0020026437195259815,-0.062386282611397226,0.49460502164531833,47,37
speaker_dev,hidden,forward,emotion_1,all51,local_std,37,0.0002156964532645647,0.00020824286198980823,-0.03579278157981358,0.40229440343336464,46,37
speaker_dev,hidden,forward,emotion_1,mouth,local_mean,37,0.0026150181526404716,0.002372653152593716,-0.1021493595816183,0.42368005207829246,27,37
speaker_dev,hidden,forward,emotion_1,mouth,local_std,37,0.0002713040252075665,0.0002615115314119406,-0.03744574376034082,0.31515913659994255,27,37
speaker_dev,hidden,forward,emotion_1,brows,local_mean,37,0.0005421251121447528,0.0005346865950690106,-0.01391191988791518,0.26419469580405586,5,37
speaker_dev,hidden,forward,emotion_1,brows,local_std,37,3.5783068416682346e-05,3.5298983169815444e-05,-0.013713858117047728,0.2834704745543192,5,37
speaker_dev,hidden,forward,emotion_1,eyes,local_mean,37,0.002513608498588045,0.0025285537508153056,0.005910593050450941,0.7239589396823486,14,37
speaker_dev,hidden,forward,emotion_1,eyes,local_std,37,0.0002497424523696,0.0002416484988302219,-0.0334947395848082,0.6127781069260521,14,37
speaker_dev,hidden,forward,emotion_2,all51,local_mean,34,0.002490133331688341,0.0023549284148383716,-0.057413599495443446,1.0558192587370663,47,34
speaker_dev,hidden,forward,emotion_2,all51,local_std,34,0.0003353061851738273,0.00034073168884637175,0.015923096824113414,0.9038013193433942,46,34
speaker_dev,hidden,forward,emotion_2,mouth,local_mean,34,0.002822784819447003,0.0026484294911054327,-0.06583347939868922,1.3249682064279864,27,34
speaker_dev,hidden,forward,emotion_2,mouth,local_std,34,0.00038791965555718473,0.00039854157288454485,0.026651968201162335,1.0337492864269198,27,34
speaker_dev,hidden,forward,emotion_2,brows,local_mean,34,0.0005210422150032946,0.0004929075853247229,-0.057078914011917226,0.25853671209332124,5,34
speaker_dev,hidden,forward,emotion_2,brows,local_std,34,3.0879477491815524e-05,3.055599755709607e-05,-0.010586462906832184,0.2672052301505772,5,34
speaker_dev,hidden,forward,emotion_2,eyes,local_mean,34,0.003441170368679224,0.0032949429136036185,-0.04437935919068159,0.8509209510503101,14,34
speaker_dev,hidden,forward,emotion_2,eyes,local_std,34,0.00046231328183692945,0.00046170802877700743,-0.0013109000108255664,0.880543128965458,14,34
speaker_dev,hidden,forward,emotion_3,all51,local_mean,36,0.002261748088354076,0.002215918936383611,-0.020681781818814304,0.5354541057467592,47,36
speaker_dev,hidden,forward,emotion_3,all51,local_std,36,0.0002990423163759019,0.00030926653310033047,0.0330595639364305,0.47636170512530107,46,36
speaker_dev,hidden,forward,emotion_3,mouth,local_mean,36,0.0027437500344587506,0.0026845075449281174,-0.02206828944942285,0.4689192645100537,27,36
speaker_dev,hidden,forward,emotion_3,mouth,local_std,36,0.00037406493916841157,0.0003952686489229999,0.05364379343609138,0.4220217000238501,27,36
speaker_dev,hidden,forward,emotion_3,brows,local_mean,36,0.0005307469046157561,0.0005304619980565766,-0.0005370913660607268,0.2533116890726499,5,36
speaker_dev,hidden,forward,emotion_3,brows,local_std,36,3.796303476295624e-05,3.7759203759282324e-05,-0.005398180665391106,0.3081514976920837,5,36
speaker_dev,hidden,forward,emotion_3,eyes,local_mean,36,0.0027581532799184445,0.0027055591130918637,-0.01943929688029522,0.7310807305408995,14,36
speaker_dev,hidden,forward,emotion_3,eyes,local_std,36,0.0003543990857216415,0.00035082436143510685,-0.0101894984484876,0.641235360475677,14,36
speaker_dev,hidden,forward,emotion_4,all51,local_mean,37,0.0022403794634378586,0.002117081105932725,-0.05823978928327911,0.5964164056265828,47,37
speaker_dev,hidden,forward,emotion_4,all51,local_std,37,0.00030474411566369045,0.0002897213580306455,-0.05185243412898788,0.6069030817789008,46,37
speaker_dev,hidden,forward,emotion_4,mouth,local_mean,37,0.0025997052365152773,0.0023697876137830534,-0.09702034958533301,0.5057422764876237,27,37
speaker_dev,hidden,forward,emotion_4,mouth,local_std,37,0.0003233605011006024,0.00029584027496813915,-0.09302393372716766,0.4696636666002794,27,37
speaker_dev,hidden,forward,emotion_4,brows,local_mean,37,0.000832528579928907,0.0008393122144849898,0.00808237320869365,0.44536395354118935,5,37
speaker_dev,hidden,forward,emotion_4,brows,local_std,37,4.7876844345053334e-05,4.862379122470179e-05,0.015361757296888712,0.4984474346984125,5,37
speaker_dev,hidden,forward,emotion_4,eyes,local_mean,37,0.0028503329256614795,0.0028421643925072024,-0.002874053723215919,0.8427665728982109,14,37
speaker_dev,hidden,forward,emotion_4,eyes,local_std,37,0.00046941651234457893,0.0004674987153091099,-0.004102250921055539,0.910313256437845,14,37
speaker_dev,hidden,forward,emotion_5,all51,local_mean,48,0.0030263186722741357,0.0030282206173996005,0.0006280735011632288,0.6644419791305648,47,48
speaker_dev,hidden,forward,emotion_5,all51,local_std,48,0.0003902068479303307,0.00038867145965592833,-0.0039503499324637925,0.6427256620871926,46,48
speaker_dev,hidden,forward,emotion_5,mouth,local_mean,47,0.0039454523836673595,0.003963474362835472,0.004547015451165981,0.6356638006076429,27,47
speaker_dev,hidden,forward,emotion_5,mouth,local_std,47,0.0004966473154105656,0.0004897361060372142,-0.014112109130108186,0.625512238769877,27,47
speaker_dev,hidden,forward,emotion_5,brows,local_mean,48,0.0007175053200256179,0.0007018633349471538,-0.022286368726814665,0.4000264865281249,5,48
speaker_dev,hidden,forward,emotion_5,brows,local_std,48,3.45393188319073e-05,3.5001838877409254e-05,0.013214164179256027,0.3528821349613145,5,48
speaker_dev,hidden,forward,emotion_5,eyes,local_mean,48,0.0033005194252749698,0.003280171203494948,-0.006203402358493149,0.8047960532154685,14,48
speaker_dev,hidden,forward,emotion_5,eyes,local_std,48,0.00047040742214063576,0.00047775689365808365,0.015383287222031528,0.7985817592464786,14,48
speaker_dev,hidden,forward,emotion_6,all51,local_mean,45,0.0021436319288733728,0.0021130836933661384,-0.01445670874425753,0.6013827004155538,47,45
speaker_dev,hidden,forward,emotion_6,all51,local_std,45,0.0002561758070511155,0.0002585360507577192,0.00912926340325182,0.494972193856238,46,45
speaker_dev,hidden,forward,emotion_6,mouth,local_mean,45,0.0026711078284544737,0.002638370046250506,-0.012408336067373238,0.6402079243144989,27,45
speaker_dev,hidden,forward,emotion_6,mouth,local_std,45,0.0003081252274658879,0.00031316794015188575,0.01610226348058541,0.464303366692677,27,45
speaker_dev,hidden,forward,emotion_6,brows,local_mean,45,0.0006300138809004336,0.0006304815024410962,0.0007416895481503483,0.29798346632354983,5,45
speaker_dev,hidden,forward,emotion_6,brows,local_std,45,4.371239405768137e-05,4.5926266985595084e-05,0.04820493963962069,0.3577158214885562,5,45
speaker_dev,hidden,forward,emotion_6,eyes,local_mean,45,0.002432516983319772,0.0023842042476357335,-0.02026367318653466,0.6444566716884224,14,45
speaker_dev,hidden,forward,emotion_6,eyes,local_std,45,0.00032335872341787583,0.0003214408519939968,-0.0059664831398431595,0.6031393506601347,14,45
speaker_dev,hidden,forward,emotion_7,all51,local_mean,44,0.0016547551593709105,0.0015415162198192433,-0.07345945381291252,0.5450741620580424,47,44
speaker_dev,hidden,forward,emotion_7,all51,local_std,44,0.0002545663778583058,0.00023432723507986052,-0.08637127806141542,0.5758518902097941,46,44
speaker_dev,hidden,forward,emotion_7,mouth,local_mean,44,0.0016816654389476106,0.0014947111474758806,-0.1250772042393875,0.37680125404534726,27,44
speaker_dev,hidden,forward,emotion_7,mouth,local_std,44,0.00024189555363576776,0.00020868158458355838,-0.1591609969729273,0.3422632867017991,27,44
speaker_dev,hidden,forward,emotion_7,brows,local_mean,44,0.0008851469089217177,0.0009043874553864938,0.02127467198951094,0.4760193176910411,5,44
speaker_dev,hidden,forward,emotion_7,brows,local_std,44,5.2401254100598556e-05,5.3254886916477274e-05,0.01602919216066534,0.5809772568636234,5,44
speaker_dev,hidden,forward,emotion_7,eyes,local_mean,44,0.0024687005333953746,0.002409870415035617,-0.02441215012753628,0.9187325318302147,14,44
speaker_dev,hidden,forward,emotion_7,eyes,local_std,44,0.00044212133040728353,0.00043214367496589856,-0.02308874575607822,1.0245137088845595,14,44
speaker_dev,hidden,control_forward,all,all51,local_mean,281,0.0022852036179169285,0.0022075862741686493,-0.03515937051090301,0.6350815693304986,47,281
speaker_dev,hidden,control_forward,all,all51,local_std,281,0.00029491047395939393,0.00029087660061358835,-0.013867988477919369,0.5823937366194089,46,281
speaker_dev,hidden,control_forward,all,mouth,local_mean,280,0.0027384808410058324,0.0026148128297505844,-0.047295167687793516,0.6126031472024785,27,280
speaker_dev,hidden,control_forward,all,mouth,local_std,280,0.00034450412391137214,0.00033799621286068683,-0.019254390443030456,0.5167992334794433,27,280
speaker_dev,hidden,control_forward,all,brows,local_mean,281,0.0006739238001172099,0.000670781389469713,-0.004684701598506091,0.3476908869913201,5,281
speaker_dev,hidden,control_forward,all,brows,local_std,281,4.073197676885526e-05,4.1265684059672804e-05,0.012933441017135894,0.3833802519838969,5,281
speaker_dev,hidden,control_forward,all,eyes,local_mean,281,0.002818498691097562,0.00277472562303181,-0.01577563839192253,0.7876040551827255,14,281
speaker_dev,hidden,control_forward,all,eyes,local_std,281,0.00039758628441621824,0.0003952168570676172,-0.005995258821148042,0.7824975607817269,14,281
speaker_dev,hidden,control_forward,emotion_1,all51,local_mean,37,0.0021282176125120744,0.0020032236297437968,-0.06239641990658029,0.4946736732907432,47,37
speaker_dev,hidden,control_forward,emotion_1,all51,local_std,37,0.00021575232030468768,0.000208327384047033,-0.03564071181337525,0.40196035612945563,46,37
speaker_dev,hidden,control_forward,emotion_1,mouth,local_mean,37,0.002614560796958165,0.0023720859648092827,-0.10222008634850521,0.4235854395857968,27,37
speaker_dev,hidden,control_forward,emotion_1,mouth,local_std,37,0.0002713871720235213,0.0002615805640470712,-0.03748981890980785,0.31521510371903005,27,37
speaker_dev,hidden,control_forward,emotion_1,brows,local_mean,37,0.0005422863209171556,0.0005348968920677727,-0.013814678976385997,0.2642795564753647,5,37
speaker_dev,hidden,control_forward,emotion_1,brows,local_std,37,3.58289766641379e-05,3.533795992270105e-05,-0.013894880816858413,0.2838162754074063,5,37
speaker_dev,hidden,control_forward,emotion_1,eyes,local_mean,37,0.002516751266980767,0.002531685037645492,0.0058987474518604754,0.7243602913751432,14,37
speaker_dev,hidden,control_forward,emotion_1,eyes,local_std,37,0.00024976921769568467,0.0002418093459773238,-0.03291796554094861,0.6114490860360082,14,37
speaker_dev,hidden,control_forward,emotion_2,all51,local_mean,34,0.00249099315254527,0.002355840162362361,-0.057369337844797696,1.0556148965349108,47,34
speaker_dev,hidden,control_forward,emotion_2,all51,local_std,34,0.00033504684731589364,0.0003405343914481759,0.01611450787377333,0.9031346172412696,46,34
speaker_dev,hidden,control_forward,emotion_2,mouth,local_mean,34,0.002822784819447003,0.0026484294911054327,-0.06583347939868922,1.3249682064279864,27,34
speaker_dev,hidden,control_forward,emotion_2,mouth,local_std,34,0.00038791965555718473,0.00039854157288454485,0.026651968201162335,1.0337492864269198,27,34
speaker_dev,hidden,control_forward,emotion_2,brows,local_mean,34,0.000519765878589915,0.000491870929981294,-0.05671192767924271,0.2579314265649441,5,34
speaker_dev,hidden,control_forward,emotion_2,brows,local_std,34,3.084837946600709e-05,3.0532466232913054e-05,-0.010346797100638128,0.26697833268040877,5,34
speaker_dev,hidden,control_forward,emotion_2,eyes,local_mean,34,0.003444758409356435,0.0032986345169798126,-0.04429829725737888,0.8505315159379885,14,34
speaker_dev,hidden,control_forward,emotion_2,eyes,local_std,34,0.0004613796574401851,0.00046099770653317923,-0.0008285310351721087,0.8784335711549657,14,34
speaker_dev,hidden,control_forward,emotion_3,all51,local_mean,36,0.0022633608456436014,0.00221750850218349,-0.020677414952394724,0.5357165299297544,47,36
speaker_dev,hidden,control_forward,emotion_3,all51,local_std,36,0.0002993157370670922,0.0003095840096609704,0.03316796822007417,0.476805805966645,46,36
speaker_dev,hidden,control_forward,emotion_3,mouth,local_mean,36,0.0027437500344587506,0.0026845075449281174,-0.02206828944942285,0.4689192645100537,27,36
speaker_dev,hidden,control_forward,emotion_3,mouth,local_std,36,0.00037406493916841157,0.0003952686489229999,0.05364379343609138,0.4220217000238501,27,36
speaker_dev,hidden,control_forward,emotion_3,brows,local_mean,36,0.000530761191452539,0.0005306643086656045,-0.00018256887707046587,0.25330995369404863,5,36
speaker_dev,hidden,control_forward,emotion_3,brows,local_std,36,3.8015612286754136e-05,3.7804099758338776e-05,-0.005594962709532636,0.30859052178255736,5,36
speaker_dev,hidden,control_forward,emotion_3,eyes,local_mean,36,0.0027640232234228,0.002711277423162691,-0.01945422471691627,0.7320352196834689,14,36
speaker_dev,hidden,control_forward,emotion_3,eyes,local_std,36,0.0003553763404652582,0.00035196484879737653,-0.009692705619718467,0.6425377546363523,14,36
speaker_dev,hidden,control_forward,emotion_4,all51,local_mean,37,0.002241086638897704,0.0021177763107449476,-0.058226323302946525,0.5966176611504937,47,37
speaker_dev,hidden,control_forward,emotion_4,all51,local_std,37,0.0003048585458995395,0.0002898610526546891,-0.051740284206850395,0.6069409154416174,46,37
speaker_dev,hidden,control_forward,emotion_4,mouth,local_mean,37,0.0025997052365152773,0.0023697876137830534,-0.09702034958533301,0.5057422764876237,27,37
speaker_dev,hidden,control_forward,emotion_4,mouth,local_std,37,0.0003233605011006024,0.00029584027496813915,-0.09302393372716766,0.4696636666002794,27,37
speaker_dev,hidden,control_forward,emotion_4,brows,local_mean,37,0.0008325829992390916,0.0008393311016229903,0.008039857418425278,0.44543845867972226,5,37
speaker_dev,hidden,control_forward,emotion_4,brows,local_std,37,4.786295641558135e-05,4.860509555007275e-05,0.015268751683182091,0.49809748182327385,5,37
speaker_dev,hidden,control_forward,emotion_4,eyes,local_mean,37,0.0028528896287608094,0.0028446901784731473,-0.0028823702312859023,0.8433867370260977,14,37
speaker_dev,hidden,control_forward,emotion_4,eyes,local_std,37,0.0004698383253018272,0.000468014279860955,-0.0038974140733785134,0.9105625502136068,14,37
speaker_dev,hidden,control_forward,emotion_5,all51,local_mean,48,0.003022140419290911,0.003021370012334603,-0.0002549859676777011,0.6640028435717356,47,48
speaker_dev,hidden,control_forward,emotion_5,all51,local_std,48,0.0003898727105325083,0.0003882930443404149,-0.00406823200960682,0.6428319567179973,46,48
speaker_dev,hidden,control_forward,emotion_5,mouth,local_mean,47,0.003934692807656949,0.003947579455940149,0.003264443040863596,0.6346371037666713,27,47
speaker_dev,hidden,control_forward,emotion_5,mouth,local_std,47,0.0004955319336104317,0.000488489116946748,-0.014417550809942448,0.624851765675815,27,47
speaker_dev,hidden,control_forward,emotion_5,brows,local_mean,48,0.0007171550487584754,0.0007009278109218995,-0.0231510828700503,0.39989863651472124,5,48
speaker_dev,hidden,control_forward,emotion_5,brows,local_std,48,3.4563389272844395e-05,3.5025587657364276e-05,0.013196020836004463,0.3531224877617018,5,48
speaker_dev,hidden,control_forward,emotion_5,eyes,local_mean,48,0.0033057420515859837,0.0032855653770924517,-0.0061410053302264345,0.8053856452177396,14,48
speaker_dev,hidden,control_forward,emotion_5,eyes,local_std,48,0.00047128788963504974,0.00047872470422087354,0.01553463717300163,0.8000924054207171,14,48
speaker_dev,hidden,control_forward,emotion_6,all51,local_mean,45,0.0021436250677520077,0.002113219047756705,-0.014388484727875461,0.6013371856392006,47,45
speaker_dev,hidden,control_forward,emotion_6,all51,local_std,45,0.00025602948137720954,0.00025837058578542733,0.009061033016204312,0.4944179902367077,46,45
speaker_dev,hidden,control_forward,emotion_6,mouth,local_mean,45,0.0026711078284544737,0.002638370046250506,-0.012408336067373238,0.6402079243144989,27,45
speaker_dev,hidden,control_forward,emotion_6,mouth,local_std,45,0.0003081252274658879,0.00031316794015188575,0.01610226348058541,0.464303366692677,27,45
speaker_dev,hidden,control_forward,emotion_6,brows,local_mean,45,0.0006299148135539309,0.0006303920722157233,0.0007570822712203995,0.29794251792170307,5,45
speaker_dev,hidden,control_forward,emotion_6,brows,local_std,45,4.369380797343891e-05,4.588902644974361e-05,0.04783754736459356,0.3575773574352616,5,45
speaker_dev,hidden,control_forward,emotion_6,eyes,local_mean,45,0.002432527369972034,0.0023847292633126338,-0.020043410124050753,0.6442967439964895,14,45
speaker_dev,hidden,control_forward,emotion_6,eyes,local_std,45,0.0003228323177949234,0.0003208513869084381,-0.006173982620341967,0.6013678473578546,14,45
speaker_dev,hidden,control_forward,emotion_7,all51,local_mean,44,0.0016540303074541415,0.0015410285432560964,-0.07332879374140555,0.5447984136972472,47,44
speaker_dev,hidden,control_forward,emotion_7,all51,local_std,44,0.00025466056868960797,0.0002344412833803985,-0.08624455990714819,0.5760673513137748,46,44
speaker_dev,hidden,control_forward,emotion_7,mouth,local_mean,44,0.001681061202297151,0.0014942388431088771,-0.1250284451176331,0.3767373343154086,27,44
speaker_dev,hidden,control_forward,emotion_7,mouth,local_std,44,0.00024191474033930188,0.0002086985889726138,-0.15915848559496903,0.34230294193459176,27,44
speaker_dev,hidden,control_forward,emotion_7,brows,local_mean,44,0.000885303892556195,0.0009046234038442414,0.021356413294136734,0.47614086337376393,5,44
speaker_dev,hidden,control_forward,emotion_7,brows,local_std,44,5.2418476364319185e-05,5.328359834691451e-05,0.016236177912812066,0.5811740726701238,5,44
speaker_dev,hidden,control_forward,emotion_7,eyes,local_mean,44,0.002467169249312914,0.002408920484428917,-0.024180443173825283,0.9178839898797712,14,44
speaker_dev,hidden,control_forward,emotion_7,eyes,local_std,44,0.00044242130038817833,0.0004325160883561101,-0.0229013724546423,1.0250748832035035,14,44
speaker_dev,hidden,control_reverse,all,all51,local_mean,281,0.002408104109029025,0.0022075862741686493,-0.09083125638470824,0.6624176207409667,47,281
speaker_dev,hidden,control_reverse,all,all51,local_std,281,0.00032987370874048856,0.00029087660061358835,-0.1340675325709868,0.6396781955275246,46,281
speaker_dev,hidden,control_reverse,all,mouth,local_mean,280,0.0028988856655946874,0.0026148128297505844,-0.10863983555993162,0.6320673868678993,27,280
speaker_dev,hidden,control_reverse,all,mouth,local_std,280,0.0004020157999181693,0.00033799621286068683,-0.18940918454571443,0.5931690524703082,27,280
speaker_dev,hidden,control_reverse,all,brows,local_mean,281,0.0007359866320652409,0.000670781389469713,-0.09720788861938456,0.3788195285207901,5,281
speaker_dev,hidden,control_reverse,all,brows,local_std,281,4.424163846459076e-05,4.1265684059672804e-05,-0.07211692893820776,0.4155675756366221,5,281
speaker_dev,hidden,control_reverse,all,eyes,local_mean,281,0.0029354072602047875,0.00277472562303181,-0.05790901840500107,0.8193685567885421,14,281
speaker_dev,hidden,control_reverse,all,eyes,local_std,281,0.0004131832869216915,0.0003952168570676172,-0.045459674942459394,0.8123970417901809,14,281
speaker_dev,hidden,control_reverse,emotion_1,all51,local_mean,37,0.002211205166739909,0.0020032236297437968,-0.10382342435862357,0.5155228524101186,47,37
speaker_dev,hidden,control_reverse,emotion_1,all51,local_std,37,0.0002599613368811655,0.000208327384047033,-0.24785005135222815,0.4684937993301081,46,37
speaker_dev,hidden,control_reverse,emotion_1,mouth,local_mean,37,0.00265283713235558,0.0023720859648092827,-0.11835623654089189,0.42654071129982113,27,37
speaker_dev,hidden,control_reverse,emotion_1,mouth,local_std,37,0.00034868171016343456,0.0002615805640470712,-0.3329801907632923,0.41040780096291307,27,37
speaker_dev,hidden,control_reverse,emotion_1,brows,local_mean,37,0.0005971472089421897,0.0005348968920677727,-0.11637816146916369,0.29055758156350375,5,37
speaker_dev,hidden,control_reverse,emotion_1,brows,local_std,37,3.84668837511543e-05,3.533795992270105e-05,-0.08854285406677476,0.3068438037434502,5,37
speaker_dev,hidden,control_reverse,emotion_1,eyes,local_mean,37,0.0027256509779296874,0.002531685037645492,-0.07661535198888214,0.7663198791127991,14,37
speaker_dev,hidden,control_reverse,emotion_1,eyes,local_std,37,0.0002608061833774348,0.0002418093459773238,-0.07856122071432448,0.6382489374620761,14,37
speaker_dev,hidden,control_reverse,emotion_2,all51,local_mean,34,0.002479009359741491,0.002355840162362361,-0.05228249324674872,1.0527595852015286,47,34
speaker_dev,hidden,control_reverse,emotion_2,all51,local_std,34,0.0003657859842475275,0.0003405343914481759,-0.07415284163213376,0.9593024057207177,46,34
speaker_dev,hidden,control_reverse,emotion_2,mouth,local_mean,34,0.002829181131266812,0.0026484294911054327,-0.06824861328890242,1.3187596522510336,27,34
speaker_dev,hidden,control_reverse,emotion_2,mouth,local_std,34,0.00043798629625196753,0.00039854157288454485,-0.09897266948070582,1.115789638867229,27,34
speaker_dev,hidden,control_reverse,emotion_2,brows,local_mean,34,0.0005294159592793592,0.000491870929981294,-0.07633105965317588,0.2627669046810746,5,34
speaker_dev,hidden,control_reverse,emotion_2,brows,local_std,34,3.269286137631751e-05,3.0532466232913054e-05,-0.07075730885687892,0.28412665701711737,5,34
speaker_dev,hidden,control_reverse,emotion_2,eyes,local_mean,34,0.003385320856148588,0.0032986345169798126,-0.026279461614360455,0.8461400345469622,14,34
speaker_dev,hidden,control_reverse,emotion_2,eyes,local_std,34,0.00047614210305171704,0.00046099770653317923,-0.032851348941467684,0.8986397949037309,14,34
speaker_dev,hidden,control_reverse,emotion_3,all51,local_mean,36,0.002409953257993054,0.00221750850218349,-0.08678422455655577,0.578402764621251,47,36
speaker_dev,hidden,control_reverse,emotion_3,all51,local_std,36,0.0003450137219312756,0.0003095840096609704,-0.11444296593065251,0.5339948387189035,46,36
speaker_dev,hidden,control_reverse,emotion_3,mouth,local_mean,36,0.002958308511373816,0.0026845075449281174,-0.1019929956848118,0.5169891370180427,27,36
speaker_dev,hidden,control_reverse,emotion_3,mouth,local_std,36,0.0004503566117824042,0.0003952686489229999,-0.1393684093324985,0.49807328900300557,27,36
speaker_dev,hidden,control_reverse,emotion_3,brows,local_mean,36,0.0005719599365112203,0.0005306643086656045,-0.0778187399666217,0.27349190034656856,5,36
speaker_dev,hidden,control_reverse,emotion_3,brows,local_std,36,4.0977789305731625e-05,3.7804099758338776e-05,-0.08395093568370982,0.33400092850399077,5,36
speaker_dev,hidden,control_reverse,emotion_3,eyes,local_mean,36,0.002869532862639029,0.002711277423162691,-0.058369327359991674,0.7568348659878388,14,36
speaker_dev,hidden,control_reverse,emotion_3,eyes,local_std,36,0.0003736556792363561,0.00035196484879737653,-0.061627831623227936,0.674698509676318,14,36
speaker_dev,hidden,control_reverse,emotion_4,all51,local_mean,37,0.002339862689502065,0.0021177763107449476,-0.10486772263450073,0.6271209930164179,47,37
speaker_dev,hidden,control_reverse,emotion_4,all51,local_std,37,0.0003472312726763053,0.0002898610526546891,-0.19792317559117278,0.6734742380641453,46,37
speaker_dev,hidden,control_reverse,emotion_4,mouth,local_mean,37,0.0026503635692648243,0.0023697876137830534,-0.11839708919478587,0.5114770688985868,27,37
speaker_dev,hidden,control_reverse,emotion_4,mouth,local_std,37,0.00039047814273476486,0.00029584027496813915,-0.31989514536794506,0.5524943807124345,27,37
speaker_dev,hidden,control_reverse,emotion_4,brows,local_mean,37,0.0009456806764396743,0.0008393311016229903,-0.1267075348584592,0.5029195109570984,5,37
speaker_dev,hidden,control_reverse,emotion_4,brows,local_std,37,5.2139722508370207e-05,4.860509555007275e-05,-0.07272132516756602,0.5386917593332277,5,37
speaker_dev,hidden,control_reverse,emotion_4,eyes,local_mean,37,0.003074626160259818,0.0028446901784731473,-0.08082988563277782,0.9014114903534115,14,37
speaker_dev,hidden,control_reverse,emotion_4,eyes,local_std,37,0.0004932275153830191,0.000468014279860955,-0.0538727910814063,0.9549291339320581,14,37
speaker_dev,hidden,control_reverse,emotion_5,all51,local_mean,48,0.003271189110289851,0.003021370012334603,-0.0826840462887275,0.7086147429460672,47,48
speaker_dev,hidden,control_reverse,emotion_5,all51,local_std,48,0.0004146984523528839,0.0003882930443404149,-0.06800381412271572,0.6868763483284863,46,48
speaker_dev,hidden,control_reverse,emotion_5,mouth,local_mean,47,0.004296136042299259,0.003947579455940149,-0.08829628136670342,0.6715881593397562,27,47
speaker_dev,hidden,control_reverse,emotion_5,mouth,local_std,47,0.0005289725683507284,0.000488489116946748,-0.08287482770756105,0.6756335676252468,27,47
speaker_dev,hidden,control_reverse,emotion_5,brows,local_mean,48,0.0007759521844211584,0.0007009278109218995,-0.10703580644144028,0.42651524573530847,5,48
speaker_dev,hidden,control_reverse,emotion_5,brows,local_std,48,3.728270985837906e-05,3.5025587657364276e-05,-0.06444209368005316,0.3787039306013959,5,48
speaker_dev,hidden,control_reverse,emotion_5,eyes,local_mean,48,0.0035071991246786037,0.0032855653770924517,-0.06745680640885188,0.8517106042359329,14,48
speaker_dev,hidden,control_reverse,emotion_5,eyes,local_std,48,0.000497633872405563,0.00047872470422087354,-0.03949904406012261,0.8393975058144316,14,48
speaker_dev,hidden,control_reverse,emotion_6,all51,local_mean,45,0.002323356967381701,0.002113219047756705,-0.09943972436178306,0.6316924413201854,47,45
speaker_dev,hidden,control_reverse,emotion_6,all51,local_std,45,0.00029614219092864735,0.00025837058578542733,-0.14619158379966946,0.5641471225009742,46,45
speaker_dev,hidden,control_reverse,emotion_6,mouth,local_mean,45,0.002963730298699775,0.002638370046250506,-0.12331865763547878,0.6741204940113568,27,45
speaker_dev,hidden,control_reverse,emotion_6,mouth,local_std,45,0.0003770562070292598,0.00031316794015188575,-0.2040064089778424,0.5607511101867132,27,45
speaker_dev,hidden,control_reverse,emotion_6,brows,local_mean,45,0.0006785178166733167,0.0006303920722157233,-0.0763425597794074,0.3205811206962951,5,45
speaker_dev,hidden,control_reverse,emotion_6,brows,local_std,45,4.8730604521808076e-05,4.588902644974361e-05,-0.061922823208648614,0.4001686968659534,5,45
speaker_dev,hidden,control_reverse,emotion_6,eyes,local_mean,45,0.002505563338875783,0.0023847292633126338,-0.05066993449616941,0.6672728673642052,14,45
speaker_dev,hidden,control_reverse,emotion_6,eyes,local_std,45,0.0003342199964534638,0.0003208513869084381,-0.04166604880171754,0.6292602982624135,14,45
speaker_dev,hidden,control_reverse,emotion_7,all51,local_mean,44,0.0017198856275262042,0.0015410285432560964,-0.1160634467497883,0.5637621864407545,47,44
speaker_dev,hidden,control_reverse,emotion_7,all51,local_std,44,0.00027589190554048776,0.0002344412833803985,-0.17680598554322247,0.6204539622488842,46,44
speaker_dev,hidden,control_reverse,emotion_7,mouth,local_mean,44,0.0017611826841925826,0.0014942388431088771,-0.17864870955188694,0.3846069915228733,27,44
speaker_dev,hidden,control_reverse,emotion_7,mouth,local_std,44,0.00027913402941635537,0.0002086985889726138,-0.3374984027945891,0.4000884138026299,27,44
speaker_dev,hidden,control_reverse,emotion_7,brows,local_mean,44,0.000985406929972425,0.0009046234038442414,-0.08930072534591771,0.5320674930186056,5,44
speaker_dev,hidden,control_reverse,emotion_7,brows,local_std,44,5.705115905597511e-05,5.328359834691451e-05,-0.07070770041713548,0.6277262074430264,5,44
speaker_dev,hidden,control_reverse,emotion_7,eyes,local_mean,44,0.00251679967287485,0.002408920484428917,-0.04478320855472662,0.9457340773285821,14,44
speaker_dev,hidden,control_reverse,emotion_7,eyes,local_std,44,0.00044632943406178286,0.0004325160883561101,-0.03193718355812836,1.042847432397324,14,44
speaker_dev,audio,forward,all,all51,local_mean,281,0.002481948831118369,0.00220832930912808,-0.12390340555608659,0.7100387480641899,47,281
speaker_dev,audio,forward,all,all51,local_std,281,0.0003240886790135616,0.0002909035567410716,-0.1140760279601103,0.6344836083927586,46,281
speaker_dev,audio,forward,all,mouth,local_mean,280,0.002985648070169858,0.0026176300724800572,-0.14059205750991555,0.7047793586721234,27,280
speaker_dev,audio,forward,all,mouth,local_std,280,0.0003839518020578123,0.0003381937345986641,-0.13530134587930642,0.579254677128091,27,280
speaker_dev,audio,forward,all,brows,local_mean,281,0.000746501883144066,0.0006709879057256007,-0.1125414881163993,0.38613757064623394,5,281
speaker_dev,audio,forward,all,brows,local_std,281,4.335408498626092e-05,4.1257520319092494e-05,-0.050816545709806205,0.40859450791784147,5,281
speaker_dev,audio,forward,all,eyes,local_mean,281,0.003032586579172066,0.0027719447174722263,-0.09402852086369262,0.8461003844230383,14,281
speaker_dev,audio,forward,all,eyes,local_std,281,0.0004270642808419995,0.00039493839091478574,-0.08134405432908509,0.8244088528533331,14,281
speaker_dev,audio,forward,emotion_1,all51,local_mean,37,0.0023160103278476872,0.0020026437195259815,-0.1564764642189469,0.5718910780949192,47,37
speaker_dev,audio,forward,emotion_1,all51,local_std,37,0.00024504764436185416,0.00020824286198980823,-0.17673970680371842,0.4588277884708335,46,37
speaker_dev,audio,forward,emotion_1,mouth,local_mean,37,0.0028788483017509812,0.002372653152593716,-0.21334561632150373,0.523559323954285,27,37
speaker_dev,audio,forward,emotion_1,mouth,local_std,37,0.0003132291688592334,0.0002615115314119406,-0.19776427130406593,0.3875166790700417,27,37
speaker_dev,audio,forward,emotion_1,brows,local_mean,37,0.0006192073953027299,0.0005346865950690106,-0.15807540531815722,0.30459630575075514,5,37
speaker_dev,audio,forward,emotion_1,brows,local_std,37,3.81812186077745e-05,3.5298983169815444e-05,-0.08165208114050393,0.30724284982524536,5,37
speaker_dev,audio,forward,emotion_1,eyes,local_mean,37,0.0026636840953596407,0.0025285537508153056,-0.05344175282046648,0.7733886846753304,14,37
speaker_dev,audio,forward,emotion_1,eyes,local_std,37,0.0002749525234245121,0.0002416484988302219,-0.13782011787993365,0.6504938346886417,14,37
speaker_dev,audio,forward,emotion_2,all51,local_mean,34,0.002616271905124635,0.0023549284148383716,-0.11097725461187768,1.111809220373892,47,34
speaker_dev,audio,forward,emotion_2,all51,local_std,34,0.00036020561222742923,0.00034073168884637175,-0.05715324995744031,0.9448585749299596,46,34
speaker_dev,audio,forward,emotion_2,mouth,local_mean,34,0.00293789260335126,0.0026484294911054327,-0.10929613690603035,1.3825107289741871,27,34
speaker_dev,audio,forward,emotion_2,mouth,local_std,34,0.0004197850073621013,0.00039854157288454485,-0.05330293229838423,1.0808804415021604,27,34
speaker_dev,audio,forward,emotion_2,brows,local_mean,34,0.0006227183794215437,0.0004929075853247229,-0.26335726607108856,0.3121868068057446,5,34
speaker_dev,audio,forward,emotion_2,brows,local_std,34,3.28755171733209e-05,3.055599755709607e-05,-0.07591045299341448,0.28687665451909056,5,34
speaker_dev,audio,forward,emotion_2,eyes,local_mean,34,0.003642368579422429,0.0032949429136036185,-0.10544208956835543,0.9043173826021533,14,34
speaker_dev,audio,forward,emotion_2,eyes,local_std,34,0.0004908508582431969,0.00046170802877700743,-0.06311960730547472,0.9175242324017396,14,34
speaker_dev,audio,forward,emotion_3,all51,local_mean,36,0.002556303631180013,0.002215918936383611,-0.15360882079554372,0.6211222791832393,47,36
speaker_dev,audio,forward,emotion_3,all51,local_std,36,0.0003266664891426969,0.00030926653310033047,-0.056262007621502574,0.5248816662724729,46,36
speaker_dev,audio,forward,emotion_3,mouth,local_mean,36,0.003139582136925154,0.0026845075449281174,-0.1695188351609651,0.5701743648393605,27,36
speaker_dev,audio,forward,emotion_3,mouth,local_std,36,0.0004121286115646633,0.0003952686489229999,-0.04265443942392655,0.482097243499276,27,36
speaker_dev,audio,forward,emotion_3,brows,local_mean,36,0.0006150019700633593,0.0005304619980565766,-0.15937045880102052,0.29841305705340493,5,36
speaker_dev,audio,forward,emotion_3,brows,local_std,36,4.0193263628864927e-05,3.7759203759282324e-05,-0.06446269060915344,0.3304184515623796,5,36
speaker_dev,audio,forward,emotion_3,eyes,local_mean,36,0.003037695527084519,0.0027055591130918637,-0.12276073081733396,0.8102494037792146,14,36
speaker_dev,audio,forward,emotion_3,eyes,local_std,36,0.0003808249875630724,0.00035082436143510685,-0.08551466039941702,0.676845629731529,14,36
speaker_dev,audio,forward,emotion_4,all51,local_mean,37,0.0025060972266198016,0.002117081105932725,-0.18375116550657,0.6789264784921352,47,37
speaker_dev,audio,forward,emotion_4,all51,local_std,37,0.000341952009337121,0.0002897213580306455,-0.1802789123366968,0.6621935480074408,46,37
speaker_dev,audio,forward,emotion_4,mouth,local_mean,37,0.0029563505402143944,0.0023697876137830534,-0.24751708677174267,0.6080802084679056,27,37
speaker_dev,audio,forward,emotion_4,mouth,local_std,37,0.0003783411532635593,0.00029584027496813915,-0.2788696647348141,0.5364078189591811,27,37
speaker_dev,audio,forward,emotion_4,brows,local_mean,37,0.0009187098575795242,0.0008393122144849898,-0.09459846017283757,0.48998053561717825,5,37
speaker_dev,audio,forward,emotion_4,brows,local_std,37,5.150125294743962e-05,4.862379122470179e-05,-0.05917806181423435,0.5330982001058462,5,37
speaker_dev,audio,forward,emotion_4,eyes,local_mean,37,0.0030997097771429893,0.0028421643925072024,-0.09061593527621192,0.9050637057220324,14,37
speaker_dev,audio,forward,emotion_4,eyes,local_std,37,0.0004976310023548705,0.0004674987153091099,-0.06445426705790447,0.9508857925653682,14,37
speaker_dev,audio,forward,emotion_5,all51,local_mean,48,0.00312755395660707,0.0030282206173996005,-0.03280254372376912,0.7305428329391107,47,48
speaker_dev,audio,forward,emotion_5,all51,local_std,48,0.0004187689772312099,0.00038867145965592833,-0.07743691188935098,0.6940566117249357,46,48
speaker_dev,audio,forward,emotion_5,mouth,local_mean,47,0.00399733392451008,0.003963474362835472,-0.008542899127114367,0.7054958542199199,27,47
speaker_dev,audio,forward,emotion_5,mouth,local_std,47,0.0005299831161317149,0.0004897361060372142,-0.08218101462880978,0.676429036158552,27,47
speaker_dev,audio,forward,emotion_5,brows,local_mean,48,0.0008026287141054618,0.0007018633349471538,-0.14356837598005456,0.4455833049806828,5,48
speaker_dev,audio,forward,emotion_5,brows,local_std,48,3.93003626043477e-05,3.5001838877409254e-05,-0.1228085113468933,0.3978125917464972,5,48
speaker_dev,audio,forward,emotion_5,eyes,local_mean,48,0.003530845958096046,0.003280171203494948,-0.07642124116387872,0.8781864106953369,14,48
speaker_dev,audio,forward,emotion_5,eyes,local_std,48,0.0005093901852149112,0.00047775689365808365,-0.06621210908045327,0.8537849368116727,14,48
speaker_dev,audio,forward,emotion_6,all51,local_mean,45,0.002364823271751666,0.0021130836933661384,-0.11913374712787972,0.684279847464345,47,45
speaker_dev,audio,forward,emotion_6,all51,local_std,45,0.0002821696985266589,0.0002585360507577192,-0.09141335492545077,0.5467226440796683,46,45
speaker_dev,audio,forward,emotion_6,mouth,local_mean,45,0.002946013731494579,0.002638370046250506,-0.11660369085878508,0.7401316186858266,27,45
speaker_dev,audio,forward,emotion_6,mouth,local_std,45,0.00034130083407459303,0.00031316794015188575,-0.0898332502013548,0.524630958021791,27,45
speaker_dev,audio,forward,emotion_6,brows,local_mean,45,0.0007167023574520727,0.0006304815024410962,-0.13675398037396302,0.34538417717475917,5,45
speaker_dev,audio,forward,emotion_6,brows,local_std,45,4.542258144955047e-05,4.5926266985595084e-05,0.010967264903167462,0.374779132085659,5,45
speaker_dev,audio,forward,emotion_6,eyes,local_mean,45,0.0026771495492155357,0.0023842042476357335,-0.12286921385627836,0.7104045157759845,14,45
speaker_dev,audio,forward,emotion_6,eyes,local_std,45,0.0003534584365414752,0.0003214408519939968,-0.09960645745201147,0.6507364357605775,14,45
speaker_dev,audio,forward,emotion_7,all51,local_mean,44,0.0018520415769609601,0.0015415162198192433,-0.20144151138294797,0.618638044364422,47,44
speaker_dev,audio,forward,emotion_7,all51,local_std,44,0.00028509999659730265,0.00023432723507986052,-0.21667460677431882,0.633498559746805,46,44
speaker_dev,audio,forward,emotion_7,mouth,local_mean,44,0.0019709201064173456,0.0014947111474758806,-0.3185959773870952,0.4879929050008122,27,44
speaker_dev,audio,forward,emotion_7,mouth,local_std,44,0.000285030418169489,0.00020868158458355838,-0.3658628227224321,0.42045703593873396,27,44
speaker_dev,audio,forward,emotion_7,brows,local_mean,44,0.000881222968677734,0.0009043874553864938,0.025613454245515088,0.47313195735734886,5,44
speaker_dev,audio,forward,emotion_7,brows,local_std,44,5.3842904291497434e-05,5.3254886916477274e-05,-0.011041566494026656,0.5934886822700407,5,44
speaker_dev,audio,forward,emotion_7,eyes,local_mean,44,0.0026309397519554256,0.002409870415035617,-0.09173494787956926,0.94578520705343,14,44
speaker_dev,audio,forward,emotion_7,eyes,local_std,44,0.0004696473908078017,0.00043214367496589856,-0.08678529390685319,1.0586535976183582,14,44
speaker_dev,audio,control_forward,all,all51,local_mean,281,0.002481073305929046,0.0022075862741686493,-0.12388509339839437,0.7098969214810349,47,281
speaker_dev,audio,control_forward,all,all51,local_std,281,0.00032403460288307415,0.00029087660061358835,-0.11399336419478501,0.6343460690076675,46,281
speaker_dev,audio,control_forward,all,mouth,local_mean,280,0.0029827709846069472,0.0026148128297505844,-0.14072064763865355,0.7044871535141141,27,280
speaker_dev,audio,control_forward,all,mouth,local_std,280,0.00038372958810287795,0.00033799621286068683,-0.13530735997045396,0.5791041853444412,27,280
speaker_dev,audio,control_forward,all,brows,local_mean,281,0.0007463240123890962,0.000670781389469713,-0.11261884140689049,0.3860731120866759,5,281
speaker_dev,audio,control_forward,all,brows,local_std,281,4.336722750039574e-05,4.1265684059672804e-05,-0.050927144154061965,0.40870618952706805,5,281
speaker_dev,audio,control_forward,all,eyes,local_mean,281,0.0030349896108591364,0.00277472562303181,-0.0937980986901863,0.8462435622139943,14,281
speaker_dev,audio,control_forward,all,eyes,local_std,281,0.00042728962582835915,0.0003952168570676172,-0.08115232988469079,0.8242062527343039,14,281
speaker_dev,audio,control_forward,emotion_1,all51,local_mean,37,0.002316351408849232,0.0020032236297437968,-0.15631194363730772,0.571871992242458,47,37
speaker_dev,audio,control_forward,emotion_1,all51,local_std,37,0.00024505347909854975,0.000208327384047033,-0.17629029049404887,0.45827304298691135,46,37
speaker_dev,audio,control_forward,emotion_1,mouth,local_mean,37,0.0028784255204181335,0.0023720859648092827,-0.21345750665050667,0.5234252275202018,27,37
speaker_dev,audio,control_forward,emotion_1,mouth,local_std,37,0.0003132122922233787,0.0002615805640470712,-0.19738365640581934,0.387432562410952,27,37
speaker_dev,audio,control_forward,emotion_1,brows,local_mean,37,0.0006197599522425521,0.0005348968920677727,-0.1586531188220608,0.3048828434099278,5,37
speaker_dev,audio,control_forward,emotion_1,brows,local_std,37,3.8207728587574314e-05,3.533795992270105e-05,-0.08120923423849735,0.30740663835044535,5,37
speaker_dev,audio,control_forward,emotion_1,eyes,local_mean,37,0.0026655446269885736,0.002531685037645492,-0.05287371349619918,0.7734823708732149,14,37
speaker_dev,audio,control_forward,emotion_1,eyes,local_std,37,0.0002749968587412439,0.0002418093459773238,-0.13724660901664376,0.6487748286107136,14,37
speaker_dev,audio,control_forward,emotion_2,all51,local_mean,34,0.002616308594378556,0.002355840162362361,-0.11056286253096448,1.1114354501895294,47,34
speaker_dev,audio,control_forward,emotion_2,all51,local_std,34,0.00036004547148500634,0.0003405343914481759,-0.05729547595429807,0.9442162632819745,46,34
speaker_dev,audio,control_forward,emotion_2,mouth,local_mean,34,0.00293789260335126,0.0026484294911054327,-0.10929613690603035,1.3825107289741871,27,34
speaker_dev,audio,control_forward,emotion_2,mouth,local_std,34,0.0004197850073621013,0.00039854157288454485,-0.05330293229838423,1.0808804415021604,27,34
speaker_dev,audio,control_forward,emotion_2,brows,local_mean,34,0.0006216467396407217,0.000491870929981294,-0.2638411862729175,0.31164816709533494,5,34
speaker_dev,audio,control_forward,emotion_2,brows,local_std,34,3.286423214724233e-05,3.0532466232913054e-05,-0.0763700480839542,0.2868148238403239,5,34
speaker_dev,audio,control_forward,emotion_2,eyes,local_mean,34,0.0036428849635511745,0.0032986345169798126,-0.1043615001296212,0.9033464010362426,14,34
speaker_dev,audio,control_forward,emotion_2,eyes,local_std,34,0.0004902715187445274,0.00046099770653317923,-0.06350099316435798,0.9154358622293478,14,34
speaker_dev,audio,control_forward,emotion_3,all51,local_mean,36,0.0025581897388197356,0.00221750850218349,-0.15363243762122702,0.6214532197657902,47,36
speaker_dev,audio,control_forward,emotion_3,all51,local_std,36,0.00032694954962984683,0.0003095840096609704,-0.05609314249755237,0.5253630312204784,46,36
speaker_dev,audio,control_forward,emotion_3,mouth,local_mean,36,0.003139582136925154,0.0026845075449281174,-0.1695188351609651,0.5701743648393605,27,36
speaker_dev,audio,control_forward,emotion_3,mouth,local_std,36,0.0004121286115646633,0.0003952686489229999,-0.04265443942392655,0.482097243499276,27,36
speaker_dev,audio,control_forward,emotion_3,brows,local_mean,36,0.0006152234323460066,0.0005306643086656045,-0.15934579036044916,0.29853549309863386,5,36
speaker_dev,audio,control_forward,emotion_3,brows,local_std,36,4.024919235600637e-05,3.7804099758338776e-05,-0.06467797443393053,0.3308827019458477,5,36
speaker_dev,audio,control_forward,emotion_3,eyes,local_mean,36,0.003044487257442842,0.002711277423162691,-0.12289772762960705,0.8114754920972943,14,36
speaker_dev,audio,control_forward,emotion_3,eyes,local_std,36,0.00038183616197061306,0.00035196484879737653,-0.08487016040182249,0.6782614537094511,14,36
speaker_dev,audio,control_forward,emotion_4,all51,local_mean,37,0.0025069971998264566,0.0021177763107449476,-0.1837875355894396,0.6791606030121382,47,37
speaker_dev,audio,control_forward,emotion_4,all51,local_std,37,0.00034209194219608926,0.0002898610526546891,-0.18019285124042783,0.6622603173444739,46,37
speaker_dev,audio,control_forward,emotion_4,mouth,local_mean,37,0.0029563505402143944,0.0023697876137830534,-0.24751708677174267,0.6080802084679056,27,37
speaker_dev,audio,control_forward,emotion_4,mouth,local_std,37,0.0003783411532635593,0.00029584027496813915,-0.2788696647348141,0.5364078189591811,27,37
speaker_dev,audio,control_forward,emotion_4,brows,local_mean,37,0.0009188607591525574,0.0008393311016229903,-0.09475361675003202,0.4900493783152276,5,37
speaker_dev,audio,control_forward,emotion_4,brows,local_std,37,5.1503876829211355e-05,4.860509555007275e-05,-0.05963945233174761,0.5329462671194753,5,37
speaker_dev,audio,control_forward,emotion_4,eyes,local_mean,37,0.003102934356916577,0.0028446901784731473,-0.09078112632358404,0.9057951053198968,14,37
speaker_dev,audio,control_forward,emotion_4,eyes,local_std,37,0.0004981398206242709,0.000468014279860955,-0.06436884954080058,0.9511594393107525,14,37
speaker_dev,audio,control_forward,emotion_5,all51,local_mean,48,0.0031211219243006,0.003021370012334603,-0.03301545708031939,0.7298844992233279,47,48
speaker_dev,audio,control_forward,emotion_5,all51,local_std,48,0.00041831791098895997,0.0003882930443404149,-0.07732527555199353,0.6940428006195933,46,48
speaker_dev,audio,control_forward,emotion_5,mouth,local_mean,47,0.003981750412425351,0.003947579455940149,-0.00865617953142972,0.7039711424110392,27,47
speaker_dev,audio,control_forward,emotion_5,mouth,local_std,47,0.0005287042454879716,0.000488489116946748,-0.08232553632429762,0.6755912229353317,27,47
speaker_dev,audio,control_forward,emotion_5,brows,local_mean,48,0.0008015540676547167,0.0007009278109218995,-0.14356151256213945,0.4451338849923854,5,48
speaker_dev,audio,control_forward,emotion_5,brows,local_std,48,3.93307800688187e-05,3.5025587657364276e-05,-0.12291563680728834,0.3981437242656061,5,48
speaker_dev,audio,control_forward,emotion_5,eyes,local_mean,48,0.0035372265798304277,0.0032855653770924517,-0.0765960112961388,0.8790802266269089,14,48
speaker_dev,audio,control_forward,emotion_5,eyes,local_std,48,0.0005101511618317243,0.00047872470422087354,-0.06564619985926434,0.855203416357929,14,48
speaker_dev,audio,control_forward,emotion_6,all51,local_mean,45,0.00236476900008662,0.002113219047756705,-0.119036383188458,0.6842289605289801,47,45
speaker_dev,audio,control_forward,emotion_6,all51,local_std,45,0.0002820224164628852,0.00025837058578542733,-0.0915422729160833,0.5461610851285351,46,45
speaker_dev,audio,control_forward,emotion_6,mouth,local_mean,45,0.002946013731494579,0.002638370046250506,-0.11660369085878508,0.7401316186858266,27,45
speaker_dev,audio,control_forward,emotion_6,mouth,local_std,45,0.00034130083407459303,0.00031316794015188575,-0.0898332502013548,0.524630958021791,27,45
speaker_dev,audio,control_forward,emotion_6,brows,local_mean,45,0.0007164684935879959,0.0006303920722157233,-0.1365442637464147,0.34528520217831404,5,45
speaker_dev,audio,control_forward,emotion_6,brows,local_std,45,4.538589788841753e-05,4.588902644974361e-05,0.010964027791635411,0.3745015756177178,5,45
speaker_dev,audio,control_forward,emotion_6,eyes,local_mean,45,0.0026770353676212957,0.0023847292633126338,-0.12257412562741776,0.7102462227696708,14,45
speaker_dev,audio,control_forward,emotion_6,eyes,local_std,45,0.0003529350102732933,0.0003208513869084381,-0.09999527717176715,0.6489904408025479,14,45
speaker_dev,audio,control_forward,emotion_7,all51,local_mean,44,0.0018509072788262118,0.0015410285432560964,-0.2010856560225427,0.6183397388003283,47,44
speaker_dev,audio,control_forward,emotion_7,all51,local_std,44,0.0002851669212903995,0.0002344412833803985,-0.21636819752302272,0.6337224027919184,46,44
speaker_dev,audio,control_forward,emotion_7,mouth,local_mean,44,0.001969612925046495,0.0014942388431088771,-0.318137949719314,0.487874849974355,27,44
speaker_dev,audio,control_forward,emotion_7,mouth,local_std,44,0.0002849965874513282,0.0002086985889726138,-0.3655894314107053,0.42046503226727355,27,44
speaker_dev,audio,control_forward,emotion_7,brows,local_mean,44,0.0008815538861043169,0.0009046234038442414,0.025501791841654242,0.4733290064107806,5,44
speaker_dev,audio,control_forward,emotion_7,brows,local_std,44,5.386963320649042e-05,5.328359834691451e-05,-0.010998409975249812,0.5937825183307077,5,44
speaker_dev,audio,control_forward,emotion_7,eyes,local_mean,44,0.0026292104737142205,0.002408920484428917,-0.09144759684233739,0.9449397297619462,14,44
speaker_dev,audio,control_forward,emotion_7,eyes,local_std,44,0.00046994688688108875,0.0004325160883561101,-0.08654197966888155,1.0592687189684513,14,44
speaker_dev,audio,control_reverse,all,all51,local_mean,281,0.0028611300431377776,0.0022075862741686493,-0.29604449738447713,0.7829141884133431,47,281
speaker_dev,audio,control_reverse,all,all51,local_std,281,0.0003893577482192115,0.00029087660061358835,-0.33856675785498913,0.7316088434534616,46,281
speaker_dev,audio,control_reverse,all,mouth,local_mean,280,0.003482380955029447,0.0026148128297505844,-0.33178976154924866,0.75961040643913,27,280
speaker_dev,audio,control_reverse,all,mouth,local_std,280,0.0005018295740692777,0.00033799621286068683,-0.48471951748204534,0.7177859737226009,27,280
speaker_dev,audio,control_reverse,all,brows,local_mean,281,0.000872159858089211,0.000670781389469713,-0.30021475219921956,0.44906344138174575,5,281
speaker_dev,audio,control_reverse,all,brows,local_std,281,4.873762899954343e-05,4.1265684059672804e-05,-0.18106921307946133,0.4572050221049501,5,281
speaker_dev,audio,control_reverse,all,eyes,local_mean,281,0.003413683753711016,0.00277472562303181,-0.23027795086313696,0.9407542596181216,14,281
speaker_dev,audio,control_reverse,all,eyes,local_std,281,0.00043637278195590636,0.0003952168570676172,-0.10413504422269071,0.8597572576111566,14,281
speaker_dev,audio,control_reverse,emotion_1,all51,local_mean,37,0.00261395334505652,0.0020032236297437968,-0.30487345808257693,0.6329423405060723,47,37
speaker_dev,audio,control_reverse,emotion_1,all51,local_std,37,0.00031996842243367377,0.000208327384047033,-0.5358922875037693,0.5624568122333146,46,37
speaker_dev,audio,control_reverse,emotion_1,mouth,local_mean,37,0.0030939443906458043,0.0023720859648092827,-0.304313771315855,0.5421170023022376,27,37
speaker_dev,audio,control_reverse,emotion_1,mouth,local_std,37,0.00044721838368291144,0.0002615805640470712,-0.7096774193148192,0.5338374333916425,27,37
speaker_dev,audio,control_reverse,emotion_1,brows,local_mean,37,0.0007189904351746034,0.0005348968920677727,-0.34416641008171256,0.35275010589828815,5,37
speaker_dev,audio,control_reverse,emotion_1,brows,local_std,37,4.2382477133662693e-05,3.533795992270105e-05,-0.19934702587163944,0.34239503497547896,5,37
speaker_dev,audio,control_reverse,emotion_1,eyes,local_mean,37,0.0032985824637897913,0.002531685037645492,-0.30291976084731553,0.9011996792649288,14,37
speaker_dev,audio,control_reverse,emotion_1,eyes,local_std,37,0.00028796996305837524,0.0002418093459773238,-0.19089674509677668,0.6962448204486233,14,37
speaker_dev,audio,control_reverse,emotion_2,all51,local_mean,34,0.0029435760180607584,0.002355840162362361,-0.24948036165112097,1.1597900392147438,47,34
speaker_dev,audio,control_reverse,emotion_2,all51,local_std,34,0.00043231538610112173,0.0003405343914481759,-0.2695204859122533,1.040526504688481,46,34
speaker_dev,audio,control_reverse,emotion_2,mouth,local_mean,34,0.0033779473490075616,0.0026484294911054327,-0.2754530035072349,1.4159035230774901,27,34
speaker_dev,audio,control_reverse,emotion_2,mouth,local_std,34,0.0005430847709084777,0.00039854157288454485,-0.3626803522095954,1.2139548201984773,27,34
speaker_dev,audio,control_reverse,emotion_2,brows,local_mean,34,0.000628744370295055,0.000491870929981294,-0.2782710503321806,0.3141299121045306,5,34
speaker_dev,audio,control_reverse,emotion_2,brows,local_std,34,3.772831233732581e-05,3.0532466232913054e-05,-0.23567850855938577,0.32831802090057044,5,34
speaker_dev,audio,control_reverse,emotion_2,eyes,local_mean,34,0.00398386133537837,0.0032986345169798126,-0.20773044569543342,0.9898201721037758,14,34
speaker_dev,audio,control_reverse,emotion_2,eyes,local_std,34,0.0005140109089047297,0.00046099770653317923,-0.11499667269545277,0.9604177832720278,14,34
speaker_dev,audio,control_reverse,emotion_3,all51,local_mean,36,0.0029212863055680695,0.00221750850218349,-0.3173732153412707,0.712538346514718,47,36
speaker_dev,audio,control_reverse,emotion_3,all51,local_std,36,0.00040536920056015403,0.0003095840096609704,-0.30939967152721914,0.6250181092755651,46,36
speaker_dev,audio,control_reverse,emotion_3,mouth,local_mean,36,0.003610950755084334,0.0026845075449281174,-0.34510732216289,0.6609989042026615,27,36
speaker_dev,audio,control_reverse,emotion_3,mouth,local_std,36,0.0005529719196874882,0.0003952686489229999,-0.39897743267569297,0.624419196585168,27,36
speaker_dev,audio,control_reverse,emotion_3,brows,local_mean,36,0.0007007659170805887,0.0005306643086656045,-0.320544656268136,0.3387899598440376,5,36
speaker_dev,audio,control_reverse,emotion_3,brows,local_std,36,4.5974555334096834e-05,3.7804099758338776e-05,-0.21612617753067465,0.37914522676750795,5,36
speaker_dev,audio,control_reverse,emotion_3,eyes,local_mean,36,0.0034275764801352518,0.002711277423162691,-0.26419246177213473,0.8915105346591877,14,36
speaker_dev,audio,control_reverse,emotion_3,eyes,local_std,36,0.00039383652645585813,0.00035196484879737653,-0.11896550977051357,0.7139848989313514,14,36
speaker_dev,audio,control_reverse,emotion_4,all51,local_mean,37,0.0027989546260627066,0.0021177763107449476,-0.3216479058065147,0.7452264976994463,47,37
speaker_dev,audio,control_reverse,emotion_4,all51,local_std,37,0.0004091964734848266,0.0002898610526546891,-0.41169870783675644,0.7695629053376342,46,37
speaker_dev,audio,control_reverse,emotion_4,mouth,local_mean,37,0.0033182808327934274,0.0023697876137830534,-0.4002439769259447,0.6501099026501219,27,37
speaker_dev,audio,control_reverse,emotion_4,mouth,local_std,37,0.0004945063005519026,0.00029584027496813915,-0.6715313714644129,0.6817738119590869,27,37
speaker_dev,audio,control_reverse,emotion_4,brows,local_mean,37,0.0010575849310748672,0.0008393311016229903,-0.2600330537374891,0.5607070997563255,5,37
speaker_dev,audio,control_reverse,emotion_4,brows,local_std,37,5.634414171297006e-05,4.860509555007275e-05,-0.15922293898022644,0.5802873145629638,5,37
speaker_dev,audio,control_reverse,emotion_4,eyes,local_mean,37,0.003418940299389404,0.0028446901784731473,-0.20186736863712818,0.9982767191052649,14,37
speaker_dev,audio,control_reverse,emotion_4,eyes,local_std,37,0.0005168305590288874,0.000468014279860955,-0.10430510620837374,1.006468867844357,14,37
speaker_dev,audio,control_reverse,emotion_5,all51,local_mean,48,0.00382327654370246,0.003021370012334603,-0.2654115610117629,0.8395700836771498,47,48
speaker_dev,audio,control_reverse,emotion_5,all51,local_std,48,0.0004713721058508836,0.0003882930443404149,-0.21395969544495275,0.781326365115817,46,48
speaker_dev,audio,control_reverse,emotion_5,mouth,local_mean,47,0.005080340353996845,0.003947579455940149,-0.2869507531639839,0.81615443342896,27,47
speaker_dev,audio,control_reverse,emotion_5,mouth,local_std,47,0.0006247466304059111,0.000488489116946748,-0.2789366410265739,0.8091200908255133,27,47
speaker_dev,audio,control_reverse,emotion_5,brows,local_mean,48,0.0008945807052730719,0.0007009278109218995,-0.276280797157227,0.4895112120967236,5,48
speaker_dev,audio,control_reverse,emotion_5,brows,local_std,48,4.183776754516845e-05,3.5025587657364276e-05,-0.19449152301008943,0.4209861102509042,5,48
speaker_dev,audio,control_reverse,emotion_5,eyes,local_mean,48,0.003982879950903149,0.0032855653770924517,-0.21223579316744035,0.9737715017275775,14,48
speaker_dev,audio,control_reverse,emotion_5,eyes,local_std,48,0.0005211121018212731,0.00047872470422087354,-0.08854232344116286,0.880509986340915,14,48
speaker_dev,audio,control_reverse,emotion_6,all51,local_mean,45,0.0027229262750852255,0.002113219047756705,-0.2885205998761735,0.7412403377763404,47,45
speaker_dev,audio,control_reverse,emotion_6,all51,local_std,45,0.00035517098432008695,0.00025837058578542733,-0.3746571934277798,0.6507490541517804,46,45
speaker_dev,audio,control_reverse,emotion_6,mouth,local_mean,45,0.0034974260075056225,0.002638370046250506,-0.32560101357880233,0.8010400741329379,27,45
speaker_dev,audio,control_reverse,emotion_6,mouth,local_std,45,0.00048188514954277046,0.00031316794015188575,-0.538743555004568,0.6865576157099507,27,45
speaker_dev,audio,control_reverse,emotion_6,brows,local_mean,45,0.0008435702279507587,0.0006303920722157233,-0.3381675708353209,0.4029717701026681,5,45
speaker_dev,audio,control_reverse,emotion_6,brows,local_std,45,5.285302165853357e-05,4.588902644974361e-05,-0.15175730991845593,0.4373544606959446,5,45
speaker_dev,audio,control_reverse,emotion_6,eyes,local_mean,45,0.002872919470001935,0.0023847292633126338,-0.20471514909459998,0.7518084983529758,14,45
speaker_dev,audio,control_reverse,emotion_6,eyes,local_std,45,0.0003456110440292752,0.0003208513869084381,-0.0771686149136166,0.6579020402381079,14,45
speaker_dev,audio,control_reverse,emotion_7,all51,local_mean,44,0.0021000704340735144,0.0015410285432560964,-0.36277192480562204,0.6878913387789907,47,44
speaker_dev,audio,control_reverse,emotion_7,all51,local_std,44,0.00033022400858554363,0.0002344412833803985,-0.4085574171240587,0.7188961228313535,46,44
speaker_dev,audio,control_reverse,emotion_7,mouth,local_mean,44,0.0022002211390021783,0.0014942388431088771,-0.4724695112492534,0.5053585517419381,27,44
speaker_dev,audio,control_reverse,emotion_7,mouth,local_std,44,0.0003692880169220304,0.0002086985889726138,-0.7694801806757292,0.5301173778361382,27,44
speaker_dev,audio,control_reverse,emotion_7,brows,local_mean,44,0.0011781412694548462,0.0009046234038442414,-0.3023555044544253,0.6336769776783556,5,44
speaker_dev,audio,control_reverse,emotion_7,brows,local_std,44,6.177144143744618e-05,5.328359834691451e-05,-0.15929560603752235,0.6735236222945002,5,44
speaker_dev,audio,control_reverse,emotion_7,eyes,local_mean,44,0.002986207728954399,0.002408920484428917,-0.23964562062426875,1.0852418319301862,14,44
speaker_dev,audio,control_reverse,emotion_7,eyes,local_std,44,0.0004686992883743361,0.0004325160883561101,-0.08365746614362868,1.099173881228145,14,44
speaker_dev,prosody,forward,all,all51,local_mean,281,0.002207877074688544,0.00220832930912808,0.0002047857797597974,0.6134519259724287,47,281
speaker_dev,prosody,forward,all,all51,local_std,281,0.000291006265840225,0.0002909035567410716,-0.0003530692450242068,0.5750489061646085,46,281
speaker_dev,prosody,forward,all,mouth,local_mean,280,0.0026157742028158626,0.0026176300724800572,0.0007089885174020871,0.5792236795773666,27,280
speaker_dev,prosody,forward,all,mouth,local_std,280,0.0003375268721769724,0.0003381937345986641,0.0019718355293691925,0.505042776391486,27,280
speaker_dev,prosody,forward,all,brows,local_mean,281,0.0006690733380457846,0.0006709879057256007,0.002853356466605339,0.34478984848161426,5,281
speaker_dev,prosody,forward,all,brows,local_std,281,4.109413874716289e-05,4.1257520319092494e-05,0.003960043421562531,0.38615143237271743,5,281
speaker_dev,prosody,forward,all,eyes,local_mean,281,0.002774543851397847,0.0027719447174722263,-0.0009376572011836615,0.7761298049399524,14,281
speaker_dev,prosody,forward,all,eyes,local_std,281,0.00039665061862859347,0.00039493839091478574,-0.004335429913110644,0.7799649909473878,14,281
speaker_dev,prosody,forward,emotion_1,all51,local_mean,37,0.0019982040349881595,0.0020026437195259815,0.002216911822374934,0.4627854531145077,47,37
speaker_dev,prosody,forward,emotion_1,all51,local_std,37,0.00020898381745233552,0.00020824286198980823,-0.0035581313829788908,0.38792990062973215,46,37
speaker_dev,prosody,forward,emotion_1,mouth,local_mean,37,0.002359484276851644,0.002372653152593716,0.005550274268987132,0.36885823932699857,27,37
speaker_dev,prosody,forward,emotion_1,mouth,local_std,37,0.0002622733995107273,0.0002615115314119406,-0.002913325063232275,0.29736652309582107,27,37
speaker_dev,prosody,forward,emotion_1,brows,local_mean,37,0.0005311569267662989,0.0005346865950690106,0.006601377957224042,0.2574976024502004,5,37
speaker_dev,prosody,forward,emotion_1,brows,local_std,37,3.523118403025323e-05,3.5298983169815444e-05,0.0019207108384977634,0.2771459903094149,5,37
speaker_dev,prosody,forward,emotion_1,eyes,local_mean,37,0.002539038335306292,0.0025285537508153056,-0.004146474832739999,0.7198326659063049,14,37
speaker_dev,prosody,forward,emotion_1,eyes,local_std,37,0.0002429025892161593,0.0002416484988302219,-0.005189729677644195,0.6021535252738168,14,37
speaker_dev,prosody,forward,emotion_2,all51,local_mean,34,0.0023564005545410106,0.0023549284148383716,-0.0006251314024507959,1.022838627811262,47,34
speaker_dev,prosody,forward,emotion_2,all51,local_std,34,0.0003391245254448426,0.00034073168884637175,0.004716800503559271,0.9012702399695856,46,34
speaker_dev,prosody,forward,emotion_2,mouth,local_mean,34,0.0026497497342031634,0.0026484294911054327,-0.0004985003762285611,1.2843911748758958,27,34
speaker_dev,prosody,forward,emotion_2,mouth,local_std,34,0.00039435774745767574,0.00039854157288454485,0.01049783940126403,1.031773108592259,27,34
speaker_dev,prosody,forward,emotion_2,brows,local_mean,34,0.0004920523666312414,0.0004929075853247229,0.001735048757503077,0.24437056549156927,5,34
speaker_dev,prosody,forward,emotion_2,brows,local_std,34,3.0445280581431774e-05,3.055599755709607e-05,0.0036234122436165084,0.26293713633942006,5,34
speaker_dev,prosody,forward,emotion_2,eyes,local_mean,34,0.0032980649794858282,0.0032949429136036185,-0.0009475326171266563,0.8223012626776025,14,34
speaker_dev,prosody,forward,emotion_2,eyes,local_std,34,0.0004639617097769942,0.00046170802877700743,-0.004881182174709897,0.8775622446366317,14,34
speaker_dev,prosody,forward,emotion_3,all51,local_mean,36,0.0022166492584061188,0.002215918936383611,-0.00032957975606251466,0.5261516918992063,47,36
speaker_dev,prosody,forward,emotion_3,all51,local_std,36,0.00030757309999117783,0.00030926653310033047,0.005475642941951464,0.46854689636042945,46,36
speaker_dev,prosody,forward,emotion_3,mouth,local_mean,36,0.0026845579269592834,0.0026845075449281174,-1.8767699595745313e-05,0.4553562278939839,27,36
speaker_dev,prosody,forward,emotion_3,mouth,local_std,36,0.00039070941370123564,0.0003952686489229999,0.011534522745952569,0.4124521257161333,27,36
speaker_dev,prosody,forward,emotion_3,brows,local_mean,36,0.00052866234015637,0.0005304619980565766,0.003392623612624268,0.2516474844502926,5,36
speaker_dev,prosody,forward,emotion_3,brows,local_std,36,3.765472142774752e-05,3.7759203759282324e-05,0.002767069247563758,0.3042925474145326,5,36
speaker_dev,prosody,forward,emotion_3,eyes,local_mean,36,0.002708765163374425,0.0027055591130918637,-0.001184986225969853,0.7163241576356898,14,36
speaker_dev,prosody,forward,emotion_3,eyes,local_std,36,0.00035348555330305806,0.00035082436143510685,-0.0075855389775816295,0.6353919357979636,14,36
speaker_dev,prosody,forward,emotion_4,all51,local_mean,37,0.00212243441088738,0.002117081105932725,-0.0025286253510332646,0.5642199406899071,47,37
speaker_dev,prosody,forward,emotion_4,all51,local_std,37,0.00029003261955647206,0.0002897213580306455,-0.0010743478766712666,0.5900059336899645,46,37
speaker_dev,prosody,forward,emotion_4,mouth,local_mean,37,0.0023796458607470523,0.0023697876137830534,-0.004159970668536683,0.4500689335145177,27,37
speaker_dev,prosody,forward,emotion_4,mouth,local_std,37,0.00029608752617551944,0.00029584027496813915,-0.0008357591183516533,0.44082322104412713,27,37
speaker_dev,prosody,forward,emotion_4,brows,local_mean,37,0.0008393697243066407,0.0008393122144849898,-6.852017718594894e-05,0.4478090418874469,5,37
speaker_dev,prosody,forward,emotion_4,brows,local_std,37,4.8299389560229316e-05,4.862379122470179e-05,0.006671665378237157,0.5024570769301832,5,37
speaker_dev,prosody,forward,emotion_4,eyes,local_mean,37,0.002842632847932054,0.0028421643925072024,-0.00016482347962920585,0.8383508960915246,14,37
speaker_dev,prosody,forward,emotion_4,eyes,local_std,37,0.0004682716118590218,0.0004674987153091099,-0.001653259195377288,0.9089828997782866,14,37
speaker_dev,prosody,forward,emotion_5,all51,local_mean,48,0.003022607659657265,0.0030282206173996005,0.0018535498074626622,0.6549900136453572,47,48
speaker_dev,prosody,forward,emotion_5,all51,local_std,48,0.0003887313634240944,0.00038867145965592833,-0.00015412443254536612,0.6404557010903663,46,48
speaker_dev,prosody,forward,emotion_5,mouth,local_mean,47,0.003953716393529381,0.003963474362835472,0.0024619736152677874,0.617907258616933,27,47
speaker_dev,prosody,forward,emotion_5,mouth,local_std,47,0.0004890839626754271,0.0004897361060372142,0.0013316219771175586,0.6161930940235432,27,47
speaker_dev,prosody,forward,emotion_5,brows,local_mean,48,0.0006991005458552089,0.0007018633349471538,0.003936363326562553,0.38893443580384757,5,48
speaker_dev,prosody,forward,emotion_5,brows,local_std,48,3.493049702111746e-05,3.5001838877409254e-05,0.002038231663818113,0.3564049778638975,5,48
speaker_dev,prosody,forward,emotion_5,eyes,local_mean,48,0.0032791161394359774,0.003280171203494948,0.0003216490827815388,0.7986196293908665,14,48
speaker_dev,prosody,forward,emotion_5,eyes,local_std,48,0.0004792216049018477,0.00047775689365808365,-0.0030658087056558703,0.8074497355817186,14,48
speaker_dev,prosody,forward,emotion_6,all51,local_mean,45,0.0021169414936315213,0.0021130836933661384,-0.0018256731986026065,0.5889785392761121,47,45
speaker_dev,prosody,forward,emotion_6,all51,local_std,45,0.00025832528907370866,0.0002585360507577192,0.0008152119729253338,0.5013151294074749,46,45
speaker_dev,prosody,forward,emotion_6,mouth,local_mean,45,0.0026433916307854895,0.002638370046250506,-0.0019032904584859178,0.6248607984421171,27,45
speaker_dev,prosody,forward,emotion_6,mouth,local_std,45,0.0003120686129927467,0.00031316794015188575,0.003510343870467336,0.4732604898475952,27,45
speaker_dev,prosody,forward,emotion_6,brows,local_mean,45,0.0006260337190113653,0.0006304815024410962,0.007054581954442751,0.2947377063997131,5,45
speaker_dev,prosody,forward,emotion_6,brows,local_std,45,4.5697792289922464e-05,4.5926266985595084e-05,0.00497481530001731,0.3724034047080281,5,45
speaker_dev,prosody,forward,emotion_6,eyes,local_mean,45,0.002390161680004139,0.0023842042476357335,-0.002498708898079016,0.6329071771293481,14,45
speaker_dev,prosody,forward,emotion_6,eyes,local_std,45,0.0003228748066584838,0.0003214408519939968,-0.004461021850806102,0.601460407379902,14,45
speaker_dev,prosody,forward,emotion_7,all51,local_mean,44,0.0015383024649114555,0.0015415162198192433,0.002084801227822619,0.5163468738893772,47,44
speaker_dev,prosody,forward,emotion_7,all51,local_std,44,0.00023687599123402032,0.00023432723507986052,-0.010876909605881613,0.5589360422457014,46,44
speaker_dev,prosody,forward,emotion_7,mouth,local_mean,44,0.0014899111700595476,0.0014947111474758806,0.003211307699443222,0.3331778102652627,27,44
speaker_dev,prosody,forward,emotion_7,mouth,local_std,44,0.00021237349595311388,0.00020868158458355838,-0.017691601187153294,0.3161953903698201,27,44
speaker_dev,prosody,forward,emotion_7,brows,local_mean,44,0.0009047762189434929,0.0009043874553864938,-0.0004298639423663264,0.48840098203056803,5,44
speaker_dev,prosody,forward,emotion_7,brows,local_std,44,5.3023812360844965e-05,5.3254886916477274e-05,0.004339030068634231,0.5887102844790154,5,44
speaker_dev,prosody,forward,emotion_7,eyes,local_mean,44,0.002407281431496947,0.002409870415035617,0.0010743247946101153,0.9063455819704859,14,44
speaker_dev,prosody,forward,emotion_7,eyes,local_std,44,0.00043439084110465266,0.00043214367496589856,-0.005200044033807583,1.0164450700658605,14,44
speaker_dev,prosody,control_forward,all,all51,local_mean,281,0.0022072957648311235,0.0022075862741686493,0.00013159591583122854,0.6133702972941443,47,281
speaker_dev,prosody,control_forward,all,all51,local_std,281,0.0002909968835381206,0.00029087660061358835,-0.00041351873708150855,0.5749823718255302,46,281
speaker_dev,prosody,control_forward,all,mouth,local_mean,280,0.0026132586001099364,0.0026148128297505844,0.0005943942231598776,0.5790144694065,27,280
speaker_dev,prosody,control_forward,all,mouth,local_std,280,0.00033737041902792366,0.00033799621286068683,0.0018514817887060886,0.5049648847567673,27,280
speaker_dev,prosody,control_forward,all,brows,local_mean,281,0.0006689142977110406,0.000670781389469713,0.0027834579014609506,0.34473423179672213,5,281
speaker_dev,prosody,control_forward,all,brows,local_std,281,4.110439043662797e-05,4.1265684059672804e-05,0.003908662287327891,0.386222269753136,5,281
speaker_dev,prosody,control_forward,all,eyes,local_mean,281,0.002777317278113259,0.00277472562303181,-0.000934022110127497,0.7763276373244142,14,281
speaker_dev,prosody,control_forward,all,eyes,local_std,281,0.00039691343615830726,0.0003952168570676172,-0.004292780179666611,0.7798707640465389,14,281
speaker_dev,prosody,control_forward,emotion_1,all51,local_mean,37,0.0019988275615659564,0.0020032236297437968,0.002194496966073878,0.46285643624792583,47,37
speaker_dev,prosody,control_forward,emotion_1,all51,local_std,37,0.0002090786856537653,0.000208327384047033,-0.0036063506973365023,0.3876472642447737,46,37
speaker_dev,prosody,control_forward,emotion_1,mouth,local_mean,37,0.0023589848615358016,0.0023720859648092827,0.005523030559533071,0.36879058052058294,27,37
speaker_dev,prosody,control_forward,emotion_1,mouth,local_std,37,0.0002623665405045532,0.0002615805640470712,-0.0030047204017060736,0.29743538773888406,27,37
speaker_dev,prosody,control_forward,emotion_1,brows,local_mean,37,0.000531402328654678,0.0005348968920677727,0.006533153332758501,0.25762156777493905,5,37
speaker_dev,prosody,control_forward,emotion_1,brows,local_std,37,3.527194670880863e-05,3.533795992270105e-05,0.0018680539011538544,0.2774539259404209,5,37
speaker_dev,prosody,control_forward,emotion_1,eyes,local_mean,37,0.002542185268600104,0.002531685037645492,-0.004147526567672033,0.7201794337676853,14,37
speaker_dev,prosody,control_forward,emotion_1,eyes,local_std,37,0.00024305399339541808,0.0002418093459773238,-0.005147226270613148,0.6009820754719724,14,37
speaker_dev,prosody,control_forward,emotion_2,all51,local_mean,34,0.0023572047961424713,0.002355840162362361,-0.0005792556735859655,1.0225946773581716,47,34
speaker_dev,prosody,control_forward,emotion_2,all51,local_std,34,0.00033894749271872664,0.0003405343914481759,0.004660024858871736,0.9006623221271065,46,34
speaker_dev,prosody,control_forward,emotion_2,mouth,local_mean,34,0.0026497497342031634,0.0026484294911054327,-0.0004985003762285611,1.2843911748758958,27,34
speaker_dev,prosody,control_forward,emotion_2,mouth,local_std,34,0.00039435774745767574,0.00039854157288454485,0.01049783940126403,1.031773108592259,27,34
speaker_dev,prosody,control_forward,emotion_2,brows,local_mean,34,0.0004909186153395572,0.000491870929981294,0.0019361067786074493,0.24382386004834883,5,34
speaker_dev,prosody,control_forward,emotion_2,brows,local_std,34,3.0421439647985927e-05,3.0532466232913054e-05,0.003636345131119545,0.2627540801085632,5,34
speaker_dev,prosody,control_forward,emotion_2,eyes,local_mean,34,0.0033013996305936277,0.0032986345169798126,-0.0008382600738521262,0.8218043649142001,14,34
speaker_dev,prosody,control_forward,emotion_2,eyes,local_std,34,0.00046332531937953356,0.00046099770653317923,-0.005049076846517453,0.8756301775223636,14,34
speaker_dev,prosody,control_forward,emotion_3,all51,local_mean,36,0.002218294617416921,0.00221750850218349,-0.0003545038193346617,0.5264345864516533,47,36
speaker_dev,prosody,control_forward,emotion_3,all51,local_std,36,0.00030786680476948923,0.0003095840096609704,0.005546813911227799,0.4690147407447326,46,36
speaker_dev,prosody,control_forward,emotion_3,mouth,local_mean,36,0.0026845579269592834,0.0026845075449281174,-1.8767699595745313e-05,0.4553562278939839,27,36
speaker_dev,prosody,control_forward,emotion_3,mouth,local_std,36,0.00039070941370123564,0.0003952686489229999,0.011534522745952569,0.4124521257161333,27,36
speaker_dev,prosody,control_forward,emotion_3,brows,local_mean,36,0.0005289608362094718,0.0005306643086656045,0.0032100754249259067,0.2517915916662275,5,36
speaker_dev,prosody,control_forward,emotion_3,brows,local_std,36,3.7700653391941756e-05,3.7804099758338776e-05,0.0027363795741280894,0.3046754863406029,5,36
speaker_dev,prosody,control_forward,emotion_3,eyes,local_mean,36,0.0027146523672152245,0.002711277423162691,-0.0012447800522739083,0.7173054828392118,14,36
speaker_dev,prosody,control_forward,emotion_3,eyes,local_std,36,0.0003545390734636977,0.00035196484879737653,-0.0073138686295435296,0.6367923748727922,14,36
speaker_dev,prosody,control_forward,emotion_4,all51,local_mean,37,0.002123154887014886,0.0021177763107449476,-0.0025397282246708563,0.5644250986309096,47,37
speaker_dev,prosody,control_forward,emotion_4,all51,local_std,37,0.0002901678651387657,0.0002898610526546891,-0.0010584812318410464,0.5900904052900978,46,37
speaker_dev,prosody,control_forward,emotion_4,mouth,local_mean,37,0.0023796458607470523,0.0023697876137830534,-0.004159970668536683,0.4500689335145177,27,37
speaker_dev,prosody,control_forward,emotion_4,mouth,local_std,37,0.00029608752617551944,0.00029584027496813915,-0.0008357591183516533,0.44082322104412713,27,37
speaker_dev,prosody,control_forward,emotion_4,brows,local_mean,37,0.000839464931492822,0.0008393311016229903,-0.00015944824345592856,0.447913611342405,5,37
speaker_dev,prosody,control_forward,emotion_4,brows,local_std,37,4.828181079409156e-05,4.860509555007275e-05,0.006651252349625381,0.5020475598725201,5,37
speaker_dev,prosody,control_forward,emotion_4,eyes,local_mean,37,0.0028452234364547704,0.0028446901784731473,-0.00018745731456393244,0.8389776928125986,14,37
speaker_dev,prosody,control_forward,emotion_4,eyes,local_std,37,0.0004687705702913173,0.000468014279860955,-0.0016159558861901235,0.9094067054136042,14,37
speaker_dev,prosody,control_forward,emotion_5,all51,local_mean,48,0.003016672558521024,0.003021370012334603,0.0015547429789803946,0.6544689045652243,47,48
speaker_dev,prosody,control_forward,emotion_5,all51,local_std,48,0.0003884553289312083,0.0003882930443404149,-0.0004179435948152843,0.6406231785277084,46,48
speaker_dev,prosody,control_forward,emotion_5,mouth,local_mean,47,0.003939529182169542,0.003947579455940149,0.002039293663486097,0.6167480434037413,27,47
speaker_dev,prosody,control_forward,emotion_5,mouth,local_std,47,0.00048806790073144523,0.000488489116946748,0.0008622837248362103,0.6156387210357936,27,47
speaker_dev,prosody,control_forward,emotion_5,brows,local_mean,48,0.0006983142195807534,0.0007009278109218995,0.0037287596531638822,0.388597994712164,5,48
speaker_dev,prosody,control_forward,emotion_5,brows,local_std,48,3.495756560561019e-05,3.5025587657364276e-05,0.0019420673942578404,0.3566810547167694,5,48
speaker_dev,prosody,control_forward,emotion_5,eyes,local_mean,48,0.0032845672767245703,0.0032855653770924517,0.00030378344465165075,0.7993432589372326,14,48
speaker_dev,prosody,control_forward,emotion_5,eyes,local_std,48,0.0004801251072405588,0.00047872470422087354,-0.0029252783642415014,0.8089482937043618,14,48
speaker_dev,prosody,control_forward,emotion_6,all51,local_mean,45,0.0021170580249455745,0.002113219047756705,-0.0018166489616611159,0.5889658308330605,47,45
speaker_dev,prosody,control_forward,emotion_6,all51,local_std,45,0.0002581698954192268,0.00025837058578542733,0.0007767539234020404,0.500720348490872,46,45
speaker_dev,prosody,control_forward,emotion_6,mouth,local_mean,45,0.0026433916307854895,0.002638370046250506,-0.0019032904584859178,0.6248607984421171,27,45
speaker_dev,prosody,control_forward,emotion_6,mouth,local_std,45,0.0003120686129927467,0.00031316794015188575,0.003510343870467336,0.4732604898475952,27,45
speaker_dev,prosody,control_forward,emotion_6,brows,local_mean,45,0.0006259290316137702,0.0006303920722157233,0.007079785420311957,0.2946965501619226,5,45
speaker_dev,prosody,control_forward,emotion_6,brows,local_std,45,4.566423597013745e-05,4.588902644974361e-05,0.004898567195631087,0.3721467550303492,5,45
speaker_dev,prosody,control_forward,emotion_6,eyes,local_mean,45,0.002390623574808061,0.0023847292633126338,-0.0024716900094727823,0.6328563101479013,14,45
speaker_dev,prosody,control_forward,emotion_6,eyes,local_std,45,0.00032232071416517753,0.0003208513869084381,-0.004579463629243108,0.5995977878245209,14,45
speaker_dev,prosody,control_forward,emotion_7,all51,local_mean,44,0.0015378476384691185,0.0015410285432560964,0.002064143977668853,0.5161318818200403,47,44
speaker_dev,prosody,control_forward,emotion_7,all51,local_std,44,0.0002369791156406069,0.0002344412833803985,-0.010825022895351477,0.5591903372643751,46,44
speaker_dev,prosody,control_forward,emotion_7,mouth,local_mean,44,0.0014894772733081685,0.0014942388431088771,0.0031866189415888924,0.3331416203337789,27,44
speaker_dev,prosody,control_forward,emotion_7,mouth,local_std,44,0.00021238490079088536,0.0002086985889726138,-0.017663328901353026,0.31623397857231245,27,44
speaker_dev,prosody,control_forward,emotion_7,brows,local_mean,44,0.0009050708419037077,0.0009046234038442414,-0.0004946125178333372,0.4885672832372446,5,44
speaker_dev,prosody,control_forward,emotion_7,brows,local_std,44,5.30554192549603e-05,5.328359834691451e-05,0.004282351399554463,0.5890375452461116,5,44
speaker_dev,prosody,control_forward,emotion_7,eyes,local_mean,44,0.0024063561421300435,0.002408920484428917,0.001064519279672771,0.9056340052216527,14,44
speaker_dev,prosody,control_forward,emotion_7,eyes,local_std,44,0.0004347332253522284,0.0004325160883561101,-0.005126137630035998,1.0170893118913045,14,44
speaker_dev,prosody,control_reverse,all,all51,local_mean,281,0.0022244295434717507,0.0022075862741686493,-0.007629721882305374,0.6170693697283849,47,281
speaker_dev,prosody,control_reverse,all,all51,local_std,281,0.0002940777443526275,0.00029087660061358835,-0.011005160718622564,0.5798306484910535,46,281
speaker_dev,prosody,control_reverse,all,mouth,local_mean,280,0.0026395389236517908,0.0026148128297505844,-0.009456162070141216,0.5820750164898809,27,280
speaker_dev,prosody,control_reverse,all,mouth,local_std,280,0.0003433440228820286,0.00033799621286068683,-0.015822100419645935,0.5120286286892153,27,280
speaker_dev,prosody,control_reverse,all,brows,local_mean,281,0.0006740922909671162,0.000670781389469713,-0.004935887532629302,0.34712733621280817,5,281
speaker_dev,prosody,control_reverse,all,brows,local_std,281,4.1564065448697464e-05,4.1265684059672804e-05,-0.007230738949902893,0.3902298102121648,5,281
speaker_dev,prosody,control_reverse,all,eyes,local_mean,281,0.002787351798059923,0.00277472562303181,-0.004550422904271434,0.7804265828103123,14,281
speaker_dev,prosody,control_reverse,all,eyes,local_std,281,0.0003964933513277366,0.0003952168570676172,-0.003229857829421867,0.7807560629075921,14,281
speaker_dev,prosody,control_reverse,emotion_1,all51,local_mean,37,0.002009810339195813,0.0020032236297437968,-0.0032880549900753397,0.4645822501524982,47,37
speaker_dev,prosody,control_reverse,emotion_1,all51,local_std,37,0.00021068222476762185,0.000208327384047033,-0.01130355824972673,0.3901604957335314,46,37
speaker_dev,prosody,control_reverse,emotion_1,mouth,local_mean,37,0.0023773089547182327,0.0023720859648092827,-0.0022018552389899693,0.3706778023258701,27,37
speaker_dev,prosody,control_reverse,emotion_1,mouth,local_std,37,0.0002657999053159266,0.0002615805640470712,-0.016130178800654926,0.3009780999007319,27,37
speaker_dev,prosody,control_reverse,emotion_1,brows,local_mean,37,0.0005369268038765435,0.0005348968920677727,-0.003794959063836867,0.2601755944269849,5,37
speaker_dev,prosody,control_reverse,emotion_1,brows,local_std,37,3.554198114996623e-05,3.533795992270105e-05,-0.005773429697454535,0.2796509893366627,5,37
speaker_dev,prosody,control_reverse,emotion_1,eyes,local_mean,37,0.002544881593022115,0.002531685037645492,-0.0052125581106630126,0.72065747072437,14,37
speaker_dev,prosody,control_reverse,emotion_1,eyes,local_std,37,0.00024217752717244228,0.0002418093459773238,-0.0015226094493179243,0.6016227971242407,14,37
speaker_dev,prosody,control_reverse,emotion_2,all51,local_mean,34,0.002367720953447426,0.002355840162362361,-0.005043122735946204,1.0274674669755814,47,34
speaker_dev,prosody,control_reverse,emotion_2,all51,local_std,34,0.00034413393057724893,0.0003405343914481759,-0.01057026608609335,0.9085687837581548,46,34
speaker_dev,prosody,control_reverse,emotion_2,mouth,local_mean,34,0.002665996560795637,0.0026484294911054327,-0.00663301392361082,1.2908140034220787,27,34
speaker_dev,prosody,control_reverse,emotion_2,mouth,local_std,34,0.0004044186724372879,0.00039854157288454485,-0.014746515677664718,1.0449054038614487,27,34
speaker_dev,prosody,control_reverse,emotion_2,brows,local_mean,34,0.0004931614415857927,0.000491870929981294,-0.002623679355370223,0.2448584641116895,5,34
speaker_dev,prosody,control_reverse,emotion_2,brows,local_std,34,3.078769794936449e-05,3.0532466232913054e-05,-0.008359354744043035,0.2658642255907826,5,34
speaker_dev,prosody,control_reverse,emotion_2,eyes,local_mean,34,0.00330757428682858,0.0032986345169798126,-0.002710142576496377,0.8240967933654937,14,34
speaker_dev,prosody,control_reverse,emotion_2,eyes,local_std,34,0.0004626847499524259,0.00046099770653317923,-0.0036595483997818867,0.8751712157615784,14,34
speaker_dev,prosody,control_reverse,emotion_3,all51,local_mean,36,0.002235854616743521,0.00221750850218349,-0.008273300662417382,0.5310892948147372,47,36
speaker_dev,prosody,control_reverse,emotion_3,all51,local_std,36,0.0003127452776250578,0.0003095840096609704,-0.010211341236743277,0.47434858392316465,46,36
speaker_dev,prosody,control_reverse,emotion_3,mouth,local_mean,36,0.002707705372556428,0.0026845075449281174,-0.008641371737672543,0.45980552594302243,27,36
speaker_dev,prosody,control_reverse,emotion_3,mouth,local_std,36,0.00040071386049476764,0.0003952686489229999,-0.013775976381138477,0.42086629314945573,27,36
speaker_dev,prosody,control_reverse,emotion_3,brows,local_mean,36,0.0005349571390190899,0.0005306643086656045,-0.008089540380584737,0.2546268245798752,5,36
speaker_dev,prosody,control_reverse,emotion_3,brows,local_std,36,3.8069490408884716e-05,3.7804099758338776e-05,-0.007020155280576423,0.3076971004223412,5,36
speaker_dev,prosody,control_reverse,emotion_3,eyes,local_mean,36,0.00273183786473416,0.002711277423162691,-0.00758330423726461,0.7217941416006705,14,36
speaker_dev,prosody,control_reverse,emotion_3,eyes,local_std,36,0.0003528846308964546,0.00035196484879737653,-0.0026132782924794817,0.6370113888084687,14,36
speaker_dev,prosody,control_reverse,emotion_4,all51,local_mean,37,0.002131828026648645,0.0021177763107449476,-0.006635127530893348,0.566183052135155,47,37
speaker_dev,prosody,control_reverse,emotion_4,all51,local_std,37,0.00029426171589735825,0.0002898610526546891,-0.015181974957883204,0.5946987737098539,46,37
speaker_dev,prosody,control_reverse,emotion_4,mouth,local_mean,37,0.0023895094206810748,0.0023697876137830534,-0.008322183297488905,0.4499516194893671,27,37
speaker_dev,prosody,control_reverse,emotion_4,mouth,local_std,37,0.0003027390233245656,0.00029584027496813915,-0.023319165577335266,0.44630869070784007,27,37
speaker_dev,prosody,control_reverse,emotion_4,brows,local_mean,37,0.0008409814748089707,0.0008393311016229903,-0.0019662957595507624,0.44847146144011024,5,37
speaker_dev,prosody,control_reverse,emotion_4,brows,local_std,37,4.903209781982048e-05,4.860509555007275e-05,-0.008785133840706782,0.5087895601686474,5,37
speaker_dev,prosody,control_reverse,emotion_4,eyes,local_mean,37,0.002857254222503476,0.0028446901784731473,-0.004416665169868272,0.8439501699553461,14,37
speaker_dev,prosody,control_reverse,emotion_4,eyes,local_std,37,0.0004705880350301076,0.000468014279860955,-0.005499309059367352,0.9115615100498825,14,37
speaker_dev,prosody,control_reverse,emotion_5,all51,local_mean,48,0.003048959727120857,0.003021370012334603,-0.009131524663851254,0.6598192260407084,47,48
speaker_dev,prosody,control_reverse,emotion_5,all51,local_std,48,0.00039252933950353804,0.0003882930443404149,-0.010910046483884939,0.646441696282349,46,48
speaker_dev,prosody,control_reverse,emotion_5,mouth,local_mean,47,0.003994251856937492,0.003947579455940149,-0.011823042833783326,0.6214163085037849,27,47
speaker_dev,prosody,control_reverse,emotion_5,mouth,local_std,47,0.0004950760743066528,0.000488489116946748,-0.013484348230879739,0.6239351416608413,27,47
speaker_dev,prosody,control_reverse,emotion_5,brows,local_mean,48,0.0007064573897713745,0.0007009278109218995,-0.00788894200417345,0.39269016288146624,5,48
speaker_dev,prosody,control_reverse,emotion_5,brows,local_std,48,3.527858330936023e-05,3.5025587657364276e-05,-0.0072231665167439285,0.3592626020781395,5,48
speaker_dev,prosody,control_reverse,emotion_5,eyes,local_mean,48,0.003295769033849215,0.0032855653770924517,-0.003105601497966015,0.8034787702079527,14,48
speaker_dev,prosody,control_reverse,emotion_5,eyes,local_std,48,0.0004816200872061853,0.00047872470422087354,-0.006048116923533353,0.8112488860814491,14,48
speaker_dev,prosody,control_reverse,emotion_6,all51,local_mean,45,0.002131058354231237,0.002113219047756705,-0.008441768728835619,0.5912722551667322,47,45
speaker_dev,prosody,control_reverse,emotion_6,all51,local_std,45,0.0002608515815336072,0.00025837058578542733,-0.009602469803742686,0.505333327705641,46,45
speaker_dev,prosody,control_reverse,emotion_6,mouth,local_mean,45,0.002665081477685893,0.002638370046250506,-0.010124217212573283,0.6262645558014065,27,45
speaker_dev,prosody,control_reverse,emotion_6,mouth,local_std,45,0.00031777269766766617,0.00031316794015188575,-0.014703796032081495,0.48001723866344514,27,45
speaker_dev,prosody,control_reverse,emotion_6,brows,local_mean,45,0.0006346719729921934,0.0006303920722157233,-0.006789268084268496,0.2986620186420363,5,45
speaker_dev,prosody,control_reverse,emotion_6,brows,local_std,45,4.622183800878152e-05,4.588902644974361e-05,-0.007252530393129897,0.37671444786528946,5,45
speaker_dev,prosody,control_reverse,emotion_6,eyes,local_mean,45,0.002396671844666899,0.0023847292633126338,-0.005007940120496324,0.6349750038477828,14,45
speaker_dev,prosody,control_reverse,emotion_6,eyes,local_std,45,0.00032088983329320715,0.0003208513869084381,-0.00011982614486871768,0.6000925279442869,14,45
speaker_dev,prosody,control_reverse,emotion_7,all51,local_mean,44,0.001558707061752974,0.0015410285432560964,-0.01147189555588879,0.5210566792289939,47,44
speaker_dev,prosody,control_reverse,emotion_7,all51,local_std,44,0.00023667743770848585,0.0002344412833803985,-0.009538227635697671,0.5626256913468866,46,44
speaker_dev,prosody,control_reverse,emotion_7,mouth,local_mean,44,0.0015208826927662871,0.0014942388431088771,-0.01783105142814745,0.3361038511127779,27,44
speaker_dev,prosody,control_reverse,emotion_7,mouth,local_std,44,0.0002126387572530162,0.0002086985889726138,-0.018879707331990847,0.3207887976790651,27,44
speaker_dev,prosody,control_reverse,emotion_7,brows,local_mean,44,0.0009077542713208355,0.0009046234038442414,-0.003460962278102997,0.48959473379185475,5,44
speaker_dev,prosody,control_reverse,emotion_7,brows,local_std,44,5.362780397634496e-05,5.328359834691451e-05,-0.006459879589764572,0.5947509545214142,5,44
speaker_dev,prosody,control_reverse,emotion_7,eyes,local_mean,44,0.0024208180582503914,0.002408920484428917,-0.004938964942338142,0.9151057011219398,14,44
speaker_dev,prosody,control_reverse,emotion_7,eyes,local_std,44,0.00043294025061030897,0.0004325160883561101,-0.0009806854949858668,1.0175521065724964,14,44
sentence_dev,u,forward,all,all51,local_mean,278,0.0033838828542359155,0.003424738439820294,0.011929549161868946,0.9909127319928779,47,278
sentence_dev,u,forward,all,all51,local_std,278,0.00040154043593696966,0.00041696065151367885,0.03698242393072271,0.9224310562776483,46,278
sentence_dev,u,forward,all,mouth,local_mean,277,0.003709385575175217,0.0037848773795297335,0.019945640712909052,0.9013411470973662,27,277
sentence_dev,u,forward,all,mouth,local_std,277,0.0005286828221017178,0.0005587597253026729,0.05382797263110328,0.9307412763633957,27,277
sentence_dev,u,forward,all,brows,local_mean,278,0.0015994041381802205,0.001611057086382179,0.007233106946027856,0.8640303871676998,5,278
sentence_dev,u,forward,all,brows,local_std,278,8.402631716613614e-05,8.424437826138551e-05,0.002588434976311338,0.8443881969848472,5,278
sentence_dev,u,forward,all,eyes,local_mean,278,0.004617596653601453,0.004617324591648836,-5.892198982704322e-05,1.1982375887592553,14,278
sentence_dev,u,forward,all,eyes,local_std,278,0.00041617659004214826,0.0004144791866693773,-0.004095268055341217,0.9377709178242506,14,278
sentence_dev,u,forward,emotion_1,all51,local_mean,37,0.0032266657874135407,0.003253697568317858,0.008308018903641523,0.9150314948900546,47,37
sentence_dev,u,forward,emotion_1,all51,local_std,37,0.0004090316106160645,0.00043131603322327456,0.05166611229514462,0.8230230153023237,46,37
sentence_dev,u,forward,emotion_1,mouth,local_mean,36,0.003295871841071423,0.0033491962573156935,0.015921556142848625,0.7170744488661036,27,36
sentence_dev,u,forward,emotion_1,mouth,local_std,36,0.0005884417463241061,0.0006317187964033088,0.06850682665388552,0.8463906185938019,27,36
sentence_dev,u,forward,emotion_1,brows,local_mean,37,0.000964277092671635,0.0009711732280195365,0.007100829336043724,0.4670042073490521,5,37
sentence_dev,u,forward,emotion_1,brows,local_std,37,5.857282406861564e-05,5.881043971119185e-05,0.0040403650056537455,0.49887206188959043,5,37
sentence_dev,u,forward,emotion_1,eyes,local_mean,37,0.00514943244320042,0.005146331330329697,-0.0006025870997552474,1.3418979099652608,14,37
sentence_dev,u,forward,emotion_1,eyes,local_std,37,0.00036018589689311496,0.0003601002331973193,-0.0002378884763141187,0.9155826709382177,14,37
sentence_dev,u,forward,emotion_2,all51,local_mean,36,0.0034474589877297166,0.0034898350133414696,0.012142701717918314,1.0765313908278058,47,36
sentence_dev,u,forward,emotion_2,all51,local_std,36,0.0003352711529127161,0.0003482798176106477,0.03735118729295517,0.8411545812049694,46,36
sentence_dev,u,forward,emotion_2,mouth,local_mean,36,0.003987871027342956,0.0040837972174933386,0.023489459696841464,1.121484448827045,27,36
sentence_dev,u,forward,emotion_2,mouth,local_std,36,0.0004758393824957481,0.0005033570089109761,0.05466820949759488,0.948519085501284,27,36
sentence_dev,u,forward,emotion_2,brows,local_mean,36,0.0017532645415447795,0.0017697037462575938,0.009289241065109533,1.0585698292334849,5,36
sentence_dev,u,forward,emotion_2,brows,local_std,36,8.1401961190909e-05,8.197549404385177e-05,0.006996393978863535,0.8719059844530335,5,36
sentence_dev,u,forward,emotion_2,eyes,local_mean,36,0.004241539721259112,0.0042050378809774394,-0.008680502129790213,1.0330291563594582,14,36
sentence_dev,u,forward,emotion_2,eyes,local_std,36,0.00027458242749568994,0.00026869659208989563,-0.021905136049604756,0.6231118217591968,14,36
sentence_dev,u,forward,emotion_3,all51,local_mean,39,0.003906393611375467,0.0040704531451375555,0.040304980284091796,1.2516976084653089,47,39
sentence_dev,u,forward,emotion_3,all51,local_std,39,0.00041579729668080544,0.0004382528850930271,0.051238883247636924,1.0518456634427384,46,39
sentence_dev,u,forward,emotion_3,mouth,local_mean,39,0.004552010043326173,0.004853766633903143,0.06216957124992917,1.356860857220455,27,39
sentence_dev,u,forward,emotion_3,mouth,local_std,39,0.0005806867337002817,0.0006232879069170674,0.06834910920621162,1.2412405553699186,27,39
sentence_dev,u,forward,emotion_3,brows,local_mean,39,0.001742681299081847,0.0017578416628329567,0.008624419406852102,0.8788246903563895,5,39
sentence_dev,u,forward,emotion_3,brows,local_std,39,8.221393411240706e-05,8.22884302336686e-05,0.0009053049262210955,0.7356684141623506,5,39
sentence_dev,u,forward,emotion_3,eyes,local_mean,39,0.004829168391910764,0.0048394400433746316,0.002122487596045275,1.1390566140233627,14,39
sentence_dev,u,forward,emotion_3,eyes,local_std,39,0.0003654318437987899,0.00036504831650750145,-0.0010506206273124263,0.7995045323261722,14,39
sentence_dev,u,forward,emotion_4,all51,local_mean,35,0.0028788151946372246,0.002906423487522977,0.009499060616690036,0.9715849963829258,47,35
sentence_dev,u,forward,emotion_4,all51,local_std,35,0.0004102906787300901,0.000433198776715019,0.052881261943172664,1.0750138511812093,46,35
sentence_dev,u,forward,emotion_4,mouth,local_mean,35,0.0033225341508338786,0.003362834327438535,0.011983991086279011,0.9228669328510323,27,35
sentence_dev,u,forward,emotion_4,mouth,local_std,35,0.0005531626593306306,0.0005969227492758231,0.0733094692709928,1.1563328513912972,27,35
sentence_dev,u,forward,emotion_4,brows,local_mean,35,0.0010253762586336242,0.0010441813668211324,0.018009427083302443,0.5525756796296254,5,35
sentence_dev,u,forward,emotion_4,brows,local_std,35,6.371081845967263e-05,6.433755901027563e-05,0.009741441239679238,0.6702143396546152,5,35
sentence_dev,u,forward,emotion_4,eyes,local_mean,35,0.0037131616526144017,0.003729296833743714,0.004326601460982293,1.2560270972486174,14,35
sentence_dev,u,forward,emotion_4,eyes,local_std,35,0.00040506268286441706,0.0004038953125508817,-0.0028902794294951573,1.0627556048926803,14,35
sentence_dev,u,forward,emotion_5,all51,local_mean,39,0.0037288621773726013,0.003777424938922279,0.012856049381495538,0.9516392536687887,47,39
sentence_dev,u,forward,emotion_5,all51,local_std,39,0.0004764319215326457,0.0004819829322906452,0.011517027649958655,0.9381799029340979,46,39
sentence_dev,u,forward,emotion_5,mouth,local_mean,39,0.004329053705678883,0.004426467489035284,0.02200711596723648,0.817539116566047,27,39
sentence_dev,u,forward,emotion_5,mouth,local_std,39,0.0005993604772318958,0.0006128400544615231,0.021995261457691817,0.8529166499195764,27,39
sentence_dev,u,forward,emotion_5,brows,local_mean,39,0.002287771798649802,0.0023016422250786814,0.006026317330185882,1.281963047676423,5,39
sentence_dev,u,forward,emotion_5,brows,local_std,39,0.0001119853520592467,0.0001110957232304597,-0.008007768462351406,1.1817617948705876,5,39
sentence_dev,u,forward,emotion_5,eyes,local_mean,39,0.004417759446632611,0.004401843160246672,-0.0036158231464675783,1.0593419731882607,14,39
sentence_dev,u,forward,emotion_5,eyes,local_std,39,0.000539668926407151,0.0005342118648555333,-0.01021516351587115,1.0156226437705,14,39
sentence_dev,u,forward,emotion_6,all51,local_mean,55,0.00343540935280523,0.003417330669425683,-0.005290293837027171,0.9063712367278074,47,55
sentence_dev,u,forward,emotion_6,all51,local_std,55,0.0003880447805090781,0.0003977320718487373,0.02435632433318924,0.8628974924860628,46,55
sentence_dev,u,forward,emotion_6,mouth,local_mean,55,0.0034820255546142804,0.0034413494312950186,-0.01181981781604624,0.8222601627386888,27,55
sentence_dev,u,forward,emotion_6,mouth,local_std,55,0.00046304181894218097,0.00048026173202720307,0.035855267943869285,0.8619918175316096,27,55
sentence_dev,u,forward,emotion_6,brows,local_mean,55,0.0013367590870151864,0.0013260577160086342,-0.008070064279526834,0.6560148878385131,5,55
sentence_dev,u,forward,emotion_6,brows,local_std,55,7.64690374697809e-05,7.722259224643341e-05,0.009758216536525532,0.7042742615702927,5,55
sentence_dev,u,forward,emotion_6,eyes,local_mean,55,0.00532195551028489,0.0053383661839120425,0.0030741004010944595,1.1737687558623706,14,55
sentence_dev,u,forward,emotion_6,eyes,local_std,55,0.0004932719662960482,0.0004950824189325873,0.0036568711941792342,0.9212953052252841,14,55
sentence_dev,u,forward,emotion_7,all51,local_mean,37,0.0029660338866823893,0.0029813827459983164,0.005148235105515653,0.8939571242331178,47,37
sentence_dev,u,forward,emotion_7,all51,local_std,37,0.00037634415943103687,0.0003916723362942924,0.03913520420737182,0.892069545644566,46,37
sentence_dev,u,forward,emotion_7,mouth,local_mean,37,0.003003337136931056,0.0030248842719037203,0.007123292343050092,0.5718142392143114,27,37
sentence_dev,u,forward,emotion_7,mouth,local_std,37,0.00046705910107876035,0.0004972441334489491,0.06070465258347346,0.6390609036760351,27,37
sentence_dev,u,forward,emotion_7,brows,local_mean,37,0.0021416482389214134,0.0021738305909319217,0.014804443430300518,1.2194888839693327,5,37
sentence_dev,u,forward,emotion_7,brows,local_std,37,0.0001149244111122529,0.00011491335075021415,-9.624958254672578e-05,1.2951533136486817,5,37
sentence_dev,u,forward,emotion_7,eyes,local_mean,37,0.004247811965597183,0.004250676737934225,0.0006739567635140054,1.405810878379259,14,37
sentence_dev,u,forward,emotion_7,eyes,local_std,37,0.00042916660465562676,0.00042679491613022494,-0.005556974639965295,1.2360562951538334,14,37
sentence_dev,u,control_forward,all,all51,local_mean,278,0.0033834048737463006,0.0034242278753131143,0.011921812172935753,0.9908525020155946,47,278
sentence_dev,u,control_forward,all,all51,local_std,278,0.00040137901295038934,0.00041686955147113297,0.03715919876152507,0.92225573113239,46,278
sentence_dev,u,control_forward,all,mouth,local_mean,277,0.0037063570569334566,0.0037815328472062997,0.019879713679700317,0.900942049827173,27,277
sentence_dev,u,control_forward,all,mouth,local_std,277,0.0005282261147486622,0.0005583763711640137,0.053996297071989385,0.9302023330892434,27,277
sentence_dev,u,control_forward,all,brows,local_mean,278,0.0015977644531356863,0.0016093321537250969,0.007187888816261423,0.8629125551194496,5,278
sentence_dev,u,control_forward,all,brows,local_std,278,8.402711158431738e-05,8.423557209546965e-05,0.002474732538362945,0.8442889067181795,5,278
sentence_dev,u,control_forward,all,eyes,local_mean,278,0.004622260744310322,0.004622507691955508,5.3422873825814676e-05,1.1991804760002174,14,278
sentence_dev,u,control_forward,all,eyes,local_std,278,0.00041646588976047453,0.0004148871336375295,-0.0038052665290033705,0.9382659620843969,14,278
sentence_dev,u,control_forward,emotion_1,all51,local_mean,37,0.003228817018889053,0.003256128320163412,0.00838766123105017,0.915239266627508,47,37
sentence_dev,u,control_forward,emotion_1,all51,local_std,37,0.00040919382641434556,0.00043143118177644077,0.05154322705774694,0.8233674948541007,46,37
sentence_dev,u,control_forward,emotion_1,mouth,local_mean,36,0.0032965509446060315,0.003350178134507934,0.016007265210624122,0.7167137120337534,27,36
sentence_dev,u,control_forward,emotion_1,mouth,local_std,36,0.0005886124770318169,0.0006317394833583176,0.06826707442320723,0.8465554223402058,27,36
sentence_dev,u,control_forward,emotion_1,brows,local_mean,37,0.000965012068334951,0.0009719113811611342,0.007098705663823646,0.4673520134178789,5,37
sentence_dev,u,control_forward,emotion_1,brows,local_std,37,5.860479274235738e-05,5.883965826033466e-05,0.003991619341807251,0.4991189128726303,5,37
sentence_dev,u,control_forward,emotion_1,eyes,local_mean,37,0.005155732279267763,0.005153080144665193,-0.000514669775768084,1.3431868139923635,14,37
sentence_dev,u,control_forward,emotion_1,eyes,local_std,37,0.00036044504088668204,0.0003604704495217546,7.048742859860901e-05,0.9163171256172867,14,37
sentence_dev,u,control_forward,emotion_2,all51,local_mean,36,0.003436593258731953,0.0034800944411673357,0.012500000551936452,1.075194702686347,47,36
sentence_dev,u,control_forward,emotion_2,all51,local_std,36,0.00033375647346680975,0.0003469019600755366,0.03789395310958876,0.8401950311023251,46,36
sentence_dev,u,control_forward,emotion_2,mouth,local_mean,36,0.003966660327587599,0.004064655133865589,0.024109008772115637,1.1195472770085464,27,36
sentence_dev,u,control_forward,emotion_2,mouth,local_std,36,0.00047302224453046844,0.000500746633386387,0.05536610135234965,0.9469138998650666,27,36
sentence_dev,u,control_forward,emotion_2,brows,local_mean,36,0.001746241412630533,0.0017622780182990527,0.00909992946742777,1.0539902006537538,5,36
sentence_dev,u,control_forward,emotion_2,brows,local_std,36,8.13063437114421e-05,8.188748141049008e-05,0.007096783159501796,0.8711317944638882,5,36
sentence_dev,u,control_forward,emotion_2,eyes,local_mean,36,0.004245372033469533,0.004209123291108468,-0.008611945969280388,1.0339533773791696,14,36
sentence_dev,u,control_forward,emotion_2,eyes,local_std,36,0.0002745318675522786,0.0002687429826829993,-0.02154059916834261,0.6233312258593372,14,36
sentence_dev,u,control_forward,emotion_3,all51,local_mean,39,0.00390810900978066,0.004072289884827262,0.040316598201497134,1.2519051259251026,47,39
sentence_dev,u,control_forward,emotion_3,all51,local_std,39,0.00041602774415443395,0.00043851167647790065,0.05127328080304794,1.052244086758709,46,39
sentence_dev,u,control_forward,emotion_3,mouth,local_mean,39,0.004552261255759905,0.00485389619280715,0.06214284876842435,1.3568931476140385,27,39
sentence_dev,u,control_forward,emotion_3,mouth,local_std,39,0.0005808032206592519,0.0006234171142724233,0.06835534770793883,1.2411067540771465,27,39
sentence_dev,u,control_forward,emotion_3,brows,local_mean,39,0.0017401954502227074,0.0017549969977977043,0.008433944669746452,0.8770632904762123,5,39
sentence_dev,u,control_forward,emotion_3,brows,local_std,39,8.235941722412937e-05,8.240275573748567e-05,0.0005259352429227704,0.7371166081502906,5,39
sentence_dev,u,control_forward,emotion_3,eyes,local_mean,39,0.004835820659707045,0.004846897105031127,0.0022852652086599035,1.1400549316402377,14,39
sentence_dev,u,control_forward,emotion_3,eyes,local_std,39,0.00036599471918724813,0.00036570104033054437,-0.0008030572088018051,0.8005544707190138,14,39
sentence_dev,u,control_forward,emotion_4,all51,local_mean,35,0.0028798089016579,0.0029077186758305514,0.009598512539965465,0.9720132184744218,47,35
sentence_dev,u,control_forward,emotion_4,all51,local_std,35,0.0004103938248541583,0.0004333440685695313,0.052960788851066476,1.0746891902853537,46,35
sentence_dev,u,control_forward,emotion_4,mouth,local_mean,35,0.0033225341508338786,0.003362834327438535,0.011983991086279011,0.9228669328510323,27,35
sentence_dev,u,control_forward,emotion_4,mouth,local_std,35,0.0005531626593306306,0.0005969227492758231,0.0733094692709928,1.1563328513912972,27,35
sentence_dev,u,control_forward,emotion_4,brows,local_mean,35,0.0010264170151247413,0.001045122747011427,0.01789811956554921,0.55307737568014,5,35
sentence_dev,u,control_forward,emotion_4,brows,local_std,35,6.358158936475952e-05,6.421033699105368e-05,0.009792000100883436,0.6684648227932887,5,35
sentence_dev,u,control_forward,emotion_4,eyes,local_mean,35,0.00371640988660857,0.0037336788124191253,0.0046251771183730694,1.2572865202196644,14,35
sentence_dev,u,control_forward,emotion_4,eyes,local_std,35,0.0004054845825784794,0.00040447002641653946,-0.0025083593237513746,1.0623136893996297,14,35
sentence_dev,u,control_forward,emotion_5,all51,local_mean,39,0.0037287854814479324,0.003777376479937421,0.012863689586560145,0.9514079724396617,47,39
sentence_dev,u,control_forward,emotion_5,all51,local_std,39,0.0004764229072719417,0.00048197273933994007,0.011514825663374362,0.938085203710414,46,39
sentence_dev,u,control_forward,emotion_5,mouth,local_mean,39,0.004329053705678883,0.004426467489035284,0.02200711596723648,0.817539116566047,27,39
sentence_dev,u,control_forward,emotion_5,mouth,local_std,39,0.0005993604772318958,0.0006128400544615231,0.021995261457691817,0.8529166499195764,27,39
sentence_dev,u,control_forward,emotion_5,brows,local_mean,39,0.002285080481384662,0.0022990411371697403,0.00607238189842263,1.2802256285878455,5,39
sentence_dev,u,control_forward,emotion_5,brows,local_std,39,0.00011193585276885278,0.00011104967068877314,-0.007980051400271693,1.1808631717265516,5,39
sentence_dev,u,control_forward,emotion_5,eyes,local_mean,39,0.004418441240994722,0.004402595592167124,-0.0035991606532723708,1.0592773225798355,14,39
sentence_dev,u,control_forward,emotion_5,eyes,local_std,39,0.0005396537670005883,0.0005341911806737404,-0.010225901371037738,1.015632426015552,14,39
sentence_dev,u,control_forward,emotion_6,all51,local_mean,55,0.003435522857669849,0.0034160190447933073,-0.005709515263467191,0.9063197666163806,47,55
sentence_dev,u,control_forward,emotion_6,all51,local_std,55,0.00038786621395301693,0.0003978010045334957,0.024974272229727923,0.8622935479018397,46,55
sentence_dev,u,control_forward,emotion_6,mouth,local_mean,55,0.0034796444312617534,0.003436108832944647,-0.012670028929147037,0.821656867253658,27,55
sentence_dev,u,control_forward,emotion_6,mouth,local_std,55,0.00046248108417188094,0.0004800730723375429,0.03664439682068421,0.8604492322237973,27,55
sentence_dev,u,control_forward,emotion_6,brows,local_mean,55,0.0013366391310781045,0.0013257540741629967,-0.008210464615754587,0.6559469988275862,5,55
sentence_dev,u,control_forward,emotion_6,brows,local_std,55,7.650858073742926e-05,7.723512840468916e-05,0.009406958753962358,0.704639435546531,5,55
sentence_dev,u,control_forward,emotion_6,eyes,local_mean,55,0.005327003998706709,0.005343803433092386,0.003143722368536994,1.1747145164758772,14,55
sentence_dev,u,control_forward,emotion_6,eyes,local_std,55,0.0004936887682417149,0.0004956928973562779,0.004043086203679325,0.9221554825506746,14,55
sentence_dev,u,control_forward,emotion_7,all51,local_mean,37,0.0029680274054173813,0.0029834327639311287,0.005163635225835739,0.8942938581534469,47,37
sentence_dev,u,control_forward,emotion_7,all51,local_std,37,0.0003763772955441123,0.00039171138255015355,0.03914639116742524,0.8922261000712052,46,37
sentence_dev,u,control_forward,emotion_7,mouth,local_mean,37,0.0030039155804568083,0.0030251683824470002,0.007025328610965165,0.5719249606714454,27,37
sentence_dev,u,control_forward,emotion_7,mouth,local_std,37,0.00046692559149613173,0.000497038103399455,0.06058391036295008,0.6388616307960585,27,37
sentence_dev,u,control_forward,emotion_7,brows,local_mean,37,0.0021400776085751176,0.002172658148263621,0.014995704554138789,1.2185123696051334,5,37
sentence_dev,u,control_forward,emotion_7,brows,local_std,37,0.00011495373560296204,0.00011493334779896379,-0.0001773880635054237,1.2954465546660927,5,37
sentence_dev,u,control_forward,emotion_7,eyes,local_mean,37,0.004254519440349216,0.004258015461773836,0.0008210447932857079,1.4071257863850934,14,37
sentence_dev,u,control_forward,emotion_7,eyes,local_std,37,0.00042953432442853853,0.0004273273579459197,-0.005164580365805138,1.2368502713179566,14,37
sentence_dev,u,control_reverse,all,all51,local_mean,278,0.003518075956478321,0.0034242278753131143,-0.027407078203469437,1.0282799183447793,47,278
sentence_dev,u,control_reverse,all,all51,local_std,278,0.00043514757626811053,0.00041686955147113297,-0.04384590990748638,0.9613187595572064,46,278
sentence_dev,u,control_reverse,all,mouth,local_mean,277,0.003918018908944015,0.0037815328472062997,-0.03609278756855128,0.9475920569462779,27,277
sentence_dev,u,control_reverse,all,mouth,local_std,277,0.0005896192201211564,0.0005583763711640137,-0.05595302840629279,0.9856047560606553,27,277
sentence_dev,u,control_reverse,all,brows,local_mean,278,0.0016422828588440804,0.0016093321537250969,-0.020474769638270773,0.887706568221162,5,278
sentence_dev,u,control_reverse,all,brows,local_std,278,8.572204280862232e-05,8.423557209546965e-05,-0.0176465912936159,0.8616420334783301,5,278
sentence_dev,u,control_reverse,all,eyes,local_mean,278,0.004690112393245815,0.004622507691955508,-0.014625113854966232,1.2108753286736489,14,278
sentence_dev,u,control_reverse,all,eyes,local_std,278,0.0004208892553387985,0.0004148871336375295,-0.01446687837399363,0.953788228111205,14,278
sentence_dev,u,control_reverse,emotion_1,all51,local_mean,37,0.0033327450988789244,0.003256128320163412,-0.02353002436699647,0.9389875809803951,47,37
sentence_dev,u,control_reverse,emotion_1,all51,local_std,37,0.0004402956577704689,0.00043143118177644077,-0.020546674344511073,0.8564866049217316,46,37
sentence_dev,u,control_reverse,emotion_1,mouth,local_mean,36,0.003454216951518827,0.003350178134507934,-0.03105471196867371,0.7396716054380685,27,36
sentence_dev,u,control_reverse,emotion_1,mouth,local_std,36,0.0006456236388272005,0.0006317394833583176,-0.02197765983388411,0.8945182218683164,27,36
sentence_dev,u,control_reverse,emotion_1,brows,local_mean,37,0.000981379583648957,0.0009719113811611342,-0.009741837240871742,0.4766085671500481,5,37
sentence_dev,u,control_reverse,emotion_1,brows,local_std,37,5.991487789728822e-05,5.883965826033466e-05,-0.018273723348226856,0.5116860034198555,5,37
sentence_dev,u,control_reverse,emotion_1,eyes,local_mean,37,0.005231881865296289,0.005153080144665193,-0.015292158945495293,1.3489782852645844,14,37
sentence_dev,u,control_reverse,emotion_1,eyes,local_std,37,0.00036622113891288506,0.0003604704495217546,-0.01595328937159768,0.929394716200548,14,37
sentence_dev,u,control_reverse,emotion_2,all51,local_mean,36,0.003620211023296827,0.0034800944411673357,-0.04026229302055717,1.1055520283264348,47,36
sentence_dev,u,control_reverse,emotion_2,all51,local_std,36,0.0003692569604748406,0.0003469019600755366,-0.06444183940164616,0.8833045585256204,46,36
sentence_dev,u,control_reverse,emotion_2,mouth,local_mean,36,0.004297580163700697,0.004064655133865589,-0.05730499197691841,1.1635399247616947,27,36
sentence_dev,u,control_reverse,emotion_2,mouth,local_std,36,0.0005386690578752167,0.000500746633386387,-0.07573176125493375,1.0115704861377717,27,36
sentence_dev,u,control_reverse,emotion_2,brows,local_mean,36,0.001809134075108071,0.0017622780182990527,-0.026588345495135668,1.0935086361847464,5,36
sentence_dev,u,control_reverse,emotion_2,brows,local_std,36,8.32183386640863e-05,8.188748141049008e-05,-0.016252267509911933,0.8909178857163614,5,36
sentence_dev,u,control_reverse,emotion_2,eyes,local_mean,36,0.004253600984240667,0.004209123291108468,-0.010566973228405052,1.0308227495984565,14,36
sentence_dev,u,control_reverse,emotion_2,eyes,local_std,36,0.0002765676411020712,0.0002687429826829993,-0.029115768311247736,0.6332155098483497,14,36
sentence_dev,u,control_reverse,emotion_3,all51,local_mean,39,0.004179601389431776,0.004072289884827262,-0.026351636951077673,1.3387436426113577,47,39
sentence_dev,u,control_reverse,emotion_3,all51,local_std,39,0.0004772965279765883,0.00043851167647790065,-0.08844656500416415,1.111025344923234,46,39
sentence_dev,u,control_reverse,emotion_3,mouth,local_mean,39,0.005020869951795989,0.00485389619280715,-0.03439994436557425,1.4873651682923479,27,39
sentence_dev,u,control_reverse,emotion_3,mouth,local_std,39,0.0006916838370584211,0.0006234171142724233,-0.10950408839139825,1.326854931920452,27,39
sentence_dev,u,control_reverse,emotion_3,brows,local_mean,39,0.001780185712890645,0.0017549969977977043,-0.014352568764818052,0.8999162367900908,5,39
sentence_dev,u,control_reverse,emotion_3,brows,local_std,39,8.431125463703237e-05,8.240275573748567e-05,-0.023160619841728236,0.7569701943546386,5,39
sentence_dev,u,control_reverse,emotion_3,eyes,local_mean,39,0.004906800512042116,0.004846897105031127,-0.012359124964466117,1.1469508677955536,14,39
sentence_dev,u,control_reverse,emotion_3,eyes,local_std,39,0.0003746498483180908,0.00036570104033054437,-0.024470283101896362,0.8212308380602397,14,39
sentence_dev,u,control_reverse,emotion_4,all51,local_mean,35,0.003029145753901253,0.0029077186758305514,-0.04176025661630334,1.0072289758444306,47,35
sentence_dev,u,control_reverse,emotion_4,all51,local_std,35,0.00044607183873032264,0.0004333440685695313,-0.02937104966685178,1.1203689181076903,46,35
sentence_dev,u,control_reverse,emotion_4,mouth,local_mean,35,0.003552826188430772,0.003362834327438535,-0.05649753823494286,0.9667394704610744,27,35
sentence_dev,u,control_reverse,emotion_4,mouth,local_std,35,0.0006191092684777747,0.0005969227492758231,-0.037168158239685,1.2211025730420635,27,35
sentence_dev,u,control_reverse,emotion_4,brows,local_mean,35,0.001094032465442569,0.001045122747011427,-0.04679806134829745,0.5870008764414092,5,35
sentence_dev,u,control_reverse,emotion_4,brows,local_std,35,6.58432053382742e-05,6.421033699105368e-05,-0.025429991863272994,0.6919792754090898,5,35
sentence_dev,u,control_reverse,emotion_4,eyes,local_mean,35,0.003792139525417227,0.0037336788124191253,-0.015657670607243324,1.2711349678224622,14,35
sentence_dev,u,control_reverse,emotion_4,eyes,local_std,35,0.00040746401770281953,0.00040447002641653946,-0.0074022574992904655,1.0790931702694717,14,35
sentence_dev,u,control_reverse,emotion_5,all51,local_mean,39,0.0039021319083154325,0.003777376479937421,-0.03302700407031667,0.9966370618360761,47,39
sentence_dev,u,control_reverse,emotion_5,all51,local_std,39,0.0004949847442295948,0.00048197273933994007,-0.026997387668594275,0.9567247229472549,46,39
sentence_dev,u,control_reverse,emotion_5,mouth,local_mean,39,0.00462359129928802,0.004426467489035284,-0.04453298499108538,0.8699123027300965,27,39
sentence_dev,u,control_reverse,emotion_5,mouth,local_std,39,0.0006363977786845872,0.0006128400544615231,-0.0384402488896769,0.8846077887044864,27,39
sentence_dev,u,control_reverse,emotion_5,brows,local_mean,39,0.0023327699310620683,0.0022990411371697403,-0.014670809211291491,1.3013099650387037,5,39
sentence_dev,u,control_reverse,emotion_5,brows,local_std,39,0.00011189085938705277,0.00011104967068877314,-0.007574886922782076,1.1805403609614218,5,39
sentence_dev,u,control_reverse,emotion_5,eyes,local_mean,39,0.004464848116051122,0.004402595592167124,-0.014139959617175624,1.0712181400183691,14,39
sentence_dev,u,control_reverse,emotion_5,eyes,local_std,39,0.0005358588688209668,0.0005341911806737404,-0.0031218938229624627,1.0158732254103917,14,39
sentence_dev,u,control_reverse,emotion_6,all51,local_mean,55,0.003433421955005621,0.0034160190447933073,-0.0050945003479530016,0.9203965621540761,47,55
sentence_dev,u,control_reverse,emotion_6,all51,local_std,55,0.0004103010567745687,0.0003978010045334957,-0.031422877515686176,0.8935243352188281,46,55
sentence_dev,u,control_reverse,emotion_6,mouth,local_mean,55,0.003425290569773108,0.003436108832944647,0.0031484052739586543,0.8334182193951271,27,55
sentence_dev,u,control_reverse,emotion_6,mouth,local_std,55,0.0005004986928079259,0.0004800730723375429,-0.042546898893803364,0.8988939700776709,27,55
sentence_dev,u,control_reverse,emotion_6,brows,local_mean,55,0.0013381475064097041,0.0013257540741629967,-0.009348213585187004,0.6583481786117533,5,55
sentence_dev,u,control_reverse,emotion_6,brows,local_std,55,7.916432044637655e-05,7.723512840468916e-05,-0.02497816837409772,0.731101127830682,5,55
sentence_dev,u,control_reverse,emotion_6,eyes,local_mean,55,0.005423637225189923,0.005343803433092386,-0.014939507617954817,1.194438979650502,14,55
sentence_dev,u,control_reverse,emotion_6,eyes,local_std,55,0.0005011475281088189,0.0004956928973562779,-0.011004052673807996,0.9411768992011115,14,55
sentence_dev,u,control_reverse,emotion_7,all51,local_mean,37,0.0030902714291830553,0.0029834327639311287,-0.03581064957909441,0.9287765199281934,47,37
sentence_dev,u,control_reverse,emotion_7,all51,local_std,37,0.0004132106538845785,0.00039171138255015355,-0.05488549042016211,0.939422795949277,46,37
sentence_dev,u,control_reverse,emotion_7,mouth,local_mean,37,0.003171693375803101,0.0030251683824470002,-0.04843531824750191,0.604315669842773,27,37
sentence_dev,u,control_reverse,emotion_7,mouth,local_std,37,0.0005323932804631873,0.000497038103399455,-0.0711317237489908,0.701851876363936,27,37
sentence_dev,u,control_reverse,emotion_7,brows,local_mean,37,0.002238384978447916,0.002172658148263621,-0.03025180479350764,1.2751242083205843,5,37
sentence_dev,u,control_reverse,emotion_7,brows,local_std,37,0.00011642121536109753,0.00011493334779896379,-0.012945481799905956,1.3118462423600032,5,37
sentence_dev,u,control_reverse,emotion_7,eyes,local_mean,37,0.004341155502784456,0.004258015461773836,-0.01952553760243636,1.4299747776117187,14,37
sentence_dev,u,control_reverse,emotion_7,eyes,local_std,37,0.0004369297602899376,0.0004273273579459197,-0.0224708345147262,1.2645869100028888,14,37
sentence_dev,hidden,forward,all,all51,local_mean,278,0.003457240697790057,0.003424738439820294,-0.009490435121074059,1.0118808478117018,47,278
sentence_dev,hidden,forward,all,all51,local_std,278,0.0004085104918857422,0.00041696065151367885,0.020266084095130532,0.940922208701526,46,278
sentence_dev,hidden,forward,all,mouth,local_mean,277,0.003790986430168347,0.0037848773795297335,-0.0016140683108134546,0.9238912769349348,27,277
sentence_dev,hidden,forward,all,mouth,local_std,277,0.0005387619061404069,0.0005587597253026729,0.03578965744432183,0.9549691663168888,27,277
sentence_dev,hidden,forward,all,brows,local_mean,278,0.0016375170637004694,0.001611057086382179,-0.016423984936318803,0.8833080644824034,5,278
sentence_dev,hidden,forward,all,brows,local_std,278,8.40915294631376e-05,8.424437826138551e-05,0.0018143501252233518,0.8446705064545372,5,278
sentence_dev,hidden,forward,all,eyes,local_mean,278,0.0047138752889534135,0.004617324591648836,-0.020910528464731515,1.2185613872269057,14,278
sentence_dev,hidden,forward,all,eyes,local_std,278,0.0004221833614991113,0.0004144791866693773,-0.018587603618030357,0.9519010362192308,14,278
sentence_dev,hidden,forward,emotion_1,all51,local_mean,37,0.0033023797825368455,0.003253697568317858,-0.01496212023299881,0.9326862397523925,47,37
sentence_dev,hidden,forward,emotion_1,all51,local_std,37,0.0004112109491220097,0.00043131603322327456,0.04661334741260892,0.8346988860716252,46,37
sentence_dev,hidden,forward,emotion_1,mouth,local_mean,36,0.0033818206969216395,0.0033491962573156935,-0.009740975774317207,0.7385001472781202,27,36
sentence_dev,hidden,forward,emotion_1,mouth,local_std,36,0.0005913545892511658,0.0006317187964033088,0.06389584635118772,0.8608426953708013,27,36
sentence_dev,hidden,forward,emotion_1,brows,local_mean,37,0.0009779045462880154,0.0009711732280195365,-0.006931120086790088,0.4741235001113152,5,37
sentence_dev,hidden,forward,emotion_1,brows,local_std,37,5.867769106009778e-05,5.881043971119185e-05,0.0022572293583584813,0.5003260419906341,5,37
sentence_dev,hidden,forward,emotion_1,eyes,local_mean,37,0.005255084262679771,0.005146331330329697,-0.021132127989727856,1.3592309749639662,14,37
sentence_dev,hidden,forward,emotion_1,eyes,local_std,37,0.000362677696489651,0.0003601002331973193,-0.007157627390147692,0.9265446204076632,14,37
sentence_dev,hidden,forward,emotion_2,all51,local_mean,36,0.0035757663003209783,0.0034898350133414696,-0.024623309311471164,1.1107373291508285,47,36
sentence_dev,hidden,forward,emotion_2,all51,local_std,36,0.00034509959954648545,0.0003482798176106477,0.009131215486386624,0.8694026109077772,46,36
sentence_dev,hidden,forward,emotion_2,mouth,local_mean,36,0.004140317790753526,0.0040837972174933386,-0.013840200737214925,1.1588133817732547,27,36
sentence_dev,hidden,forward,emotion_2,mouth,local_std,36,0.0004898262905753696,0.0005033570089109761,0.026880957443863762,0.9852717711651356,27,36
sentence_dev,hidden,forward,emotion_2,brows,local_mean,36,0.0018231338927785813,0.0017697037462575938,-0.030191576773217932,1.095209048564833,5,36
sentence_dev,hidden,forward,emotion_2,brows,local_std,36,8.15083175186321e-05,8.197549404385177e-05,0.005698977855135179,0.8716245829955119,5,36
sentence_dev,hidden,forward,emotion_2,eyes,local_mean,36,0.004389987105399987,0.0042050378809774394,-0.043982772488022626,1.0621216918730851,14,36
sentence_dev,hidden,forward,emotion_2,eyes,local_std,36,0.00028337331597756915,0.00026869659208989563,-0.054621920484809294,0.6451470975229671,14,36
sentence_dev,hidden,forward,emotion_3,all51,local_mean,39,0.003997802407120985,0.0040704531451375555,0.017848316987349788,1.2736484326943092,47,39
sentence_dev,hidden,forward,emotion_3,all51,local_std,39,0.0004255011607447695,0.0004382528850930271,0.029096726529366346,1.0801209867642625,46,39
sentence_dev,hidden,forward,emotion_3,mouth,local_mean,39,0.0046643683896281435,0.004853766633903143,0.039020879774497086,1.3809392908895406,27,39
sentence_dev,hidden,forward,emotion_3,mouth,local_std,39,0.0005947635640398181,0.0006232879069170674,0.0457643130256411,1.2815485210594681,27,39
sentence_dev,hidden,forward,emotion_3,brows,local_mean,39,0.001774033410328002,0.0017578416628329567,-0.009211152424815294,0.8938298040101608,5,39
sentence_dev,hidden,forward,emotion_3,brows,local_std,39,8.235566624744473e-05,8.22884302336686e-05,-0.0008170773653743968,0.736431932714692,5,39
sentence_dev,hidden,forward,emotion_3,eyes,local_mean,39,0.00493426934725535,0.0048394400433746316,-0.019595098406176792,1.1633220518553538,14,39
sentence_dev,hidden,forward,emotion_3,eyes,local_std,39,0.0003735828419888602,0.00036504831650750145,-0.023379166799097906,0.8143996899269278,14,39
sentence_dev,hidden,forward,emotion_4,all51,local_mean,35,0.002963498810194002,0.002906423487522977,-0.019637648441820144,0.9926185185393053,47,35
sentence_dev,hidden,forward,emotion_4,all51,local_std,35,0.0004184992016213685,0.000433198776715019,0.03393263297075433,1.0920870485046614,46,35
sentence_dev,hidden,forward,emotion_4,mouth,local_mean,35,0.0034288006788764282,0.003362834327438535,-0.019616295367170133,0.9452122182304903,27,35
sentence_dev,hidden,forward,emotion_4,mouth,local_std,35,0.0005648308844926679,0.0005969227492758231,0.05376217412066886,1.1792901074310946,27,35
sentence_dev,hidden,forward,emotion_4,brows,local_mean,35,0.0010525336753281639,0.0010441813668211324,-0.007998905910817866,0.5661834504258272,5,35
sentence_dev,hidden,forward,emotion_4,brows,local_std,35,6.333067006760223e-05,6.433755901027563e-05,0.015650095498845218,0.6657937538028836,5,35
sentence_dev,hidden,forward,emotion_4,eyes,local_mean,35,0.003807010287937218,0.003729296833743714,-0.020838634642952325,1.278147820269042,14,35
sentence_dev,hidden,forward,emotion_4,eyes,local_std,35,0.0004125979158647519,0.0004038953125508817,-0.021546680645801786,1.0761573258257462,14,35
sentence_dev,hidden,forward,emotion_5,all51,local_mean,39,0.0037932957464731462,0.003777424938922279,-0.004201488529218755,0.9742420522166021,47,39
sentence_dev,hidden,forward,emotion_5,all51,local_std,39,0.00048338250918769144,0.0004819829322906452,-0.002903789332113327,0.9520467284627393,46,39
sentence_dev,hidden,forward,emotion_5,mouth,local_mean,39,0.004339783047671889,0.004426467489035284,0.019583209766731557,0.8317230068758906,27,39
sentence_dev,hidden,forward,emotion_5,mouth,local_std,39,0.0006103024756438105,0.0006128400544615231,0.004140686952882389,0.8707996219899539,27,39
sentence_dev,hidden,forward,emotion_5,brows,local_mean,39,0.00234000112712214,0.0023016422250786814,-0.01666588387434853,1.3081480862469756,5,39
sentence_dev,hidden,forward,emotion_5,brows,local_std,39,0.00011165315093304164,0.0001110957232304597,-0.005017544207580382,1.179117369461653,5,39
sentence_dev,hidden,forward,emotion_5,eyes,local_mean,39,0.004613136107606127,0.004401843160246672,-0.048001016771259675,1.09887524851991,14,39
sentence_dev,hidden,forward,emotion_5,eyes,local_std,39,0.0005440051395901707,0.0005342118648555333,-0.018332192485627008,1.0276409191606426,14,39
sentence_dev,hidden,forward,emotion_6,all51,local_mean,55,0.0034626927681328627,0.003417330669425683,-0.013274132091760205,0.9192484789801236,47,55
sentence_dev,hidden,forward,emotion_6,all51,local_std,55,0.0003921574139027078,0.0003977320718487373,0.014016113712221778,0.8758298036702236,46,55
sentence_dev,hidden,forward,emotion_6,mouth,local_mean,55,0.003520737514515631,0.0034413494312950186,-0.023068881787670747,0.8395955278566875,27,55
sentence_dev,hidden,forward,emotion_6,mouth,local_std,55,0.00046747780439014303,0.00048026173202720307,0.026618668081461738,0.8772500820749211,27,55
sentence_dev,hidden,forward,emotion_6,brows,local_mean,55,0.0013514577594513392,0.0013260577160086342,-0.01915455348290407,0.6642600948300578,5,55
sentence_dev,hidden,forward,emotion_6,brows,local_std,55,7.64776417623232e-05,7.722259224643341e-05,0.009646794577070517,0.7042568726433773,5,55
sentence_dev,hidden,forward,emotion_6,eyes,local_mean,55,0.005341436779898143,0.0053383661839120425,-0.0005751939601585931,1.180189545156248,14,55
sentence_dev,hidden,forward,emotion_6,eyes,local_std,55,0.0004996955118578938,0.0004950824189325873,-0.009317828201721445,0.9343667421136088,14,55
sentence_dev,hidden,forward,emotion_7,all51,local_mean,37,0.003031726665566179,0.0029813827459983164,-0.016886097444360537,0.9145647991101824,47,37
sentence_dev,hidden,forward,emotion_7,all51,local_std,37,0.00038553873227799155,0.0003916723362942924,0.01566003888437051,0.9120484986031243,46,37
sentence_dev,hidden,forward,emotion_7,mouth,local_mean,37,0.0030944800672051396,0.0030248842719037203,-0.023007754692585092,0.5962320373537999,27,37
sentence_dev,hidden,forward,emotion_7,mouth,local_std,37,0.00048207028596688323,0.0004972441334489491,0.030515890407430524,0.6648879032796773,27,37
sentence_dev,hidden,forward,emotion_7,brows,local_mean,37,0.0022107635943021645,0.0021738305909319217,-0.016989825943340753,1.2530184587316233,5,37
sentence_dev,hidden,forward,emotion_7,brows,local_std,37,0.00011575361004121772,0.00011491335075021415,-0.007312112000197768,1.3022843267433866,5,37
sentence_dev,hidden,forward,emotion_7,eyes,local_mean,37,0.004286661651451346,0.004250676737934225,-0.008465690461940234,1.415157980009095,14,37
sentence_dev,hidden,forward,emotion_7,eyes,local_std,37,0.000433414834119208,0.00042679491613022494,-0.015510770486692582,1.2493454223911078,14,37
sentence_dev,hidden,control_forward,all,all51,local_mean,278,0.0034567283164280175,0.0034242278753131143,-0.009491319590385405,1.0117921086827257,47,278
sentence_dev,hidden,control_forward,all,all51,local_std,278,0.0004083345306833516,0.00041686955147113297,0.02047408057907152,0.9407167445100914,46,278
sentence_dev,hidden,control_forward,all,mouth,local_mean,277,0.003787822854360391,0.0037815328472062997,-0.001663348543630594,0.9234549434759736,27,277
sentence_dev,hidden,control_forward,all,mouth,local_std,277,0.0005382824573292395,0.0005583763711640137,0.035986325483088666,0.9543898790663121,27,277
sentence_dev,hidden,control_forward,all,brows,local_mean,278,0.001635709221690392,0.0016093321537250969,-0.01639007081554933,0.8820907675935905,5,278
sentence_dev,hidden,control_forward,all,brows,local_std,278,8.408905406413891e-05,8.423557209546965e-05,0.0017393842967515782,0.8445436491439742,5,278
sentence_dev,hidden,control_forward,all,eyes,local_mean,278,0.004718733649729578,0.004622507691955508,-0.020816830211344284,1.21952725495499,14,278
sentence_dev,hidden,control_forward,all,eyes,local_std,278,0.0004224645691221452,0.0004148871336375295,-0.018263847852258985,0.952384423919303,14,278
sentence_dev,hidden,control_forward,emotion_1,all51,local_mean,37,0.0033045205002280075,0.003256128320163412,-0.01486187745271872,0.932890884420976,47,37
sentence_dev,hidden,control_forward,emotion_1,all51,local_std,37,0.0004113430755595093,0.00043143118177644077,0.04656155388263239,0.8350094952272388,46,37
sentence_dev,hidden,control_forward,emotion_1,mouth,local_mean,36,0.003382534549585307,0.003350178134507934,-0.009658117800988242,0.7381734720849087,27,36
sentence_dev,hidden,control_forward,emotion_1,mouth,local_std,36,0.0005914893964864587,0.0006317394833583176,0.06371310948919962,0.8610066462788306,27,36
sentence_dev,hidden,control_forward,emotion_1,brows,local_mean,37,0.000978587541988862,0.0009719113811611342,-0.006869104485381916,0.4744453859725947,5,37
sentence_dev,hidden,control_forward,emotion_1,brows,local_std,37,5.869772537292056e-05,5.883965826033466e-05,0.0024121976845297155,0.5004793762114356,5,37
sentence_dev,hidden,control_forward,emotion_1,eyes,local_mean,37,0.00526129915813128,0.005153080144665193,-0.021000840357222605,1.3604668724662063,14,37
sentence_dev,hidden,control_forward,emotion_1,eyes,local_std,37,0.0003628988999946505,0.0003604704495217546,-0.00673689195915439,0.9272027857926083,14,37
sentence_dev,hidden,control_forward,emotion_2,all51,local_mean,36,0.0035641437553196715,0.0034800944411673357,-0.02415144633952604,1.10924189408413,47,36
sentence_dev,hidden,control_forward,emotion_2,all51,local_std,36,0.0003434097464566832,0.0003469019600755366,0.010066860441183323,0.8682929566196607,46,36
sentence_dev,hidden,control_forward,emotion_2,mouth,local_mean,36,0.0041175252091009105,0.004064655133865589,-0.013007272079449628,1.1565688654852644,27,36
sentence_dev,hidden,control_forward,emotion_2,mouth,local_std,36,0.00048670139534077273,0.000500746633386387,0.02804859206068122,0.9834505684986262,27,36
sentence_dev,hidden,control_forward,emotion_2,brows,local_mean,36,0.0018157828670884912,0.0017622780182990527,-0.030361184917395256,1.0904594119528326,5,36
sentence_dev,hidden,control_forward,emotion_2,brows,local_std,36,8.14143584602815e-05,8.188748141049008e-05,0.0057777201357175345,0.8708499855502995,5,36
sentence_dev,hidden,control_forward,emotion_2,eyes,local_mean,36,0.004394230323182532,0.004209123291108468,-0.043977574252836105,1.0631633239080232,14,36
sentence_dev,hidden,control_forward,emotion_2,eyes,local_std,36,0.00028327756305345094,0.0002687429826829993,-0.05408357169123246,0.6452900519492851,14,36
sentence_dev,hidden,control_forward,emotion_3,all51,local_mean,39,0.003999185582965183,0.004072289884827262,0.01795164488030543,1.273786805888862,47,39
sentence_dev,hidden,control_forward,emotion_3,all51,local_std,39,0.0004257339050316254,0.00043851167647790065,0.02913895371932973,1.0805460690898874,46,39
sentence_dev,hidden,control_forward,emotion_3,mouth,local_mean,39,0.004664445254345716,0.00485389619280715,0.03903069429918504,1.381014849621344,27,39
sentence_dev,hidden,control_forward,emotion_3,mouth,local_std,39,0.0005948940994494038,0.0006234171142724233,0.04575269778454516,1.2814996211022454,27,39
sentence_dev,hidden,control_forward,emotion_3,brows,local_mean,39,0.001771051569559014,0.0017549969977977043,-0.009147919786447467,0.8917663536269946,5,39
sentence_dev,hidden,control_forward,emotion_3,brows,local_std,39,8.249461110605913e-05,8.240275573748567e-05,-0.001114712338821544,0.7377933915808185,5,39
sentence_dev,hidden,control_forward,emotion_3,eyes,local_mean,39,0.004940224758051822,0.004846897105031127,-0.01925513395442624,1.1641287129065299,14,39
sentence_dev,hidden,control_forward,emotion_3,eyes,local_std,39,0.0003741293259729795,0.00036570104033054437,-0.02304692826363608,0.8154044607478644,14,39
sentence_dev,hidden,control_forward,emotion_4,all51,local_mean,35,0.0029649367206845967,0.0029077186758305514,-0.019677985126157926,0.9931201439123291,47,35
sentence_dev,hidden,control_forward,emotion_4,all51,local_std,35,0.00041863108168935004,0.0004333440685695313,0.03395220552746647,1.091802240867614,46,35
sentence_dev,hidden,control_forward,emotion_4,mouth,local_mean,35,0.0034288006788764282,0.003362834327438535,-0.019616295367170133,0.9452122182304903,27,35
sentence_dev,hidden,control_forward,emotion_4,mouth,local_std,35,0.0005648308844926679,0.0005969227492758231,0.05376217412066886,1.1792901074310946,27,35
sentence_dev,hidden,control_forward,emotion_4,brows,local_mean,35,0.0010536431179499922,0.001045122747011427,-0.008152507409229681,0.566692590004932,5,35
sentence_dev,hidden,control_forward,emotion_4,brows,local_std,35,6.319930703602376e-05,6.421033699105368e-05,0.01574559490586047,0.6640517054215144,5,35
sentence_dev,hidden,control_forward,emotion_4,eyes,local_mean,35,0.0038118521613581327,0.0037336788124191253,-0.020937352371870777,1.2796702244038654,14,35
sentence_dev,hidden,control_forward,emotion_4,eyes,local_std,35,0.00041312525134866587,0.00040447002641653946,-0.021398927897843478,1.0758436894402224,14,35
sentence_dev,hidden,control_forward,emotion_5,all51,local_mean,39,0.0037930738521185247,0.003777376479937421,-0.004155628189161487,0.9739622731184835,47,39
sentence_dev,hidden,control_forward,emotion_5,all51,local_std,39,0.0004833735472206563,0.00048197273933994007,-0.0029064047950817518,0.951952776460305,46,39
sentence_dev,hidden,control_forward,emotion_5,mouth,local_mean,39,0.004339783047671889,0.004426467489035284,0.019583209766731557,0.8317230068758906,27,39
sentence_dev,hidden,control_forward,emotion_5,mouth,local_std,39,0.0006103024756438105,0.0006128400544615231,0.004140686952882389,0.8707996219899539,27,39
sentence_dev,hidden,control_forward,emotion_5,brows,local_mean,39,0.0023371251169401566,0.0022990411371697403,-0.016565158036841332,1.306280337329097,5,39
sentence_dev,hidden,control_forward,emotion_5,brows,local_std,39,0.00011160544135328084,0.00011104967068877314,-0.005004703400384614,1.178252961536278,5,39
sentence_dev,hidden,control_forward,emotion_5,eyes,local_mean,39,0.004613354926825043,0.004402595592167124,-0.04787160897378162,1.0987056586238693,14,39
sentence_dev,hidden,control_forward,emotion_5,eyes,local_std,39,0.000543989531482535,0.0005341911806737404,-0.018342404673241663,1.0276409368402781,14,39
sentence_dev,hidden,control_forward,emotion_6,all51,local_mean,55,0.0034631255092647624,0.0034160190447933073,-0.01378987173483548,0.9191969309494207,47,55
sentence_dev,hidden,control_forward,emotion_6,all51,local_std,55,0.000391959016081577,0.0003978010045334957,0.014685705630054002,0.8751209338777488,46,55
sentence_dev,hidden,control_forward,emotion_6,mouth,local_mean,55,0.0035189184141056306,0.003436108832944647,-0.024099813244279122,0.8390047085219391,27,55
sentence_dev,hidden,control_forward,emotion_6,mouth,local_std,55,0.00046695427257138387,0.0004800730723375429,0.027326672796459395,0.8756085081619365,27,55
sentence_dev,hidden,control_forward,emotion_6,brows,local_mean,55,0.0013512520685252999,0.0013257540741629967,-0.01923282368821022,0.6641549620467851,5,55
sentence_dev,hidden,control_forward,emotion_6,brows,local_std,55,7.651567026872535e-05,7.723512840468916e-05,0.009315167215027564,0.7046062661932059,5,55
sentence_dev,hidden,control_forward,emotion_6,eyes,local_mean,55,0.005346594918730075,0.005343803433092386,-0.0005223780538787803,1.1811263697464844,14,55
sentence_dev,hidden,control_forward,emotion_6,eyes,local_std,55,0.0004999688637959427,0.0004956928973562779,-0.008626241090946118,0.9350787076455802,14,55
sentence_dev,hidden,control_forward,emotion_7,all51,local_mean,37,0.0030338170828447877,0.0029834327639311287,-0.01688803566240593,0.9148995941285634,47,37
sentence_dev,hidden,control_forward,emotion_7,all51,local_std,37,0.0003856629859561171,0.00039171138255015355,0.01544095184229688,0.9122479038375578,46,37
sentence_dev,hidden,control_forward,emotion_7,mouth,local_mean,37,0.003094901054863603,0.0030251683824470002,-0.02305084001975355,0.5962657345987157,27,37
sentence_dev,hidden,control_forward,emotion_7,mouth,local_std,37,0.0004820308053274104,0.000497038103399455,0.030193455933062996,0.6646552589132273,27,37
sentence_dev,hidden,control_forward,emotion_7,brows,local_mean,37,0.002209080478122878,0.002172658148263621,-0.016763948754830782,1.2519900208026165,5,37
sentence_dev,hidden,control_forward,emotion_7,brows,local_std,37,0.00011577796295966039,0.00011493334779896379,-0.007348738872324123,1.30253610703905,5,37
sentence_dev,hidden,control_forward,emotion_7,eyes,local_mean,37,0.004294065952743454,0.004258015461773836,-0.00846650071923416,1.4166614663694936,14,37
sentence_dev,hidden,control_forward,emotion_7,eyes,local_std,37,0.0004339349162022933,0.0004273273579459197,-0.015462521024010467,1.2503593607625205,14,37
sentence_dev,hidden,control_reverse,all,all51,local_mean,278,0.003584822763492547,0.0034242278753131143,-0.046899591390292095,1.04641201418086,47,278
sentence_dev,hidden,control_reverse,all,all51,local_std,278,0.0004392343908837697,0.00041686955147113297,-0.05364949139055897,0.9788075248043113,46,278
sentence_dev,hidden,control_reverse,all,mouth,local_mean,277,0.0039806462463005034,0.0037815328472062997,-0.05265415035104182,0.9654687246403827,27,277
sentence_dev,hidden,control_reverse,all,mouth,local_std,277,0.0005946055484133198,0.0005583763711640137,-0.06488307729387133,1.007468783842684,27,277
sentence_dev,hidden,control_reverse,all,brows,local_mean,278,0.0016548111818089194,0.0016093321537250969,-0.028259565919038554,0.8945475328877093,5,278
sentence_dev,hidden,control_reverse,all,brows,local_std,278,8.711198751896799e-05,8.423557209546965e-05,-0.03414727711753773,0.8749142493232831,5,278
sentence_dev,hidden,control_reverse,all,eyes,local_mean,278,0.004808646976703698,0.004622507691955508,-0.040268031370099155,1.2335043230172287,14,278
sentence_dev,hidden,control_reverse,all,eyes,local_std,278,0.0004256859409835316,0.0004148871336375295,-0.02602830136312817,0.9644519088794891,14,278
sentence_dev,hidden,control_reverse,emotion_1,all51,local_mean,37,0.0034091804231210047,0.003256128320163412,-0.047004321669335214,0.9559482396293159,47,37
sentence_dev,hidden,control_reverse,emotion_1,all51,local_std,37,0.0004426426047238924,0.00043143118177644077,-0.025986584699993154,0.8738916231671663,46,37
sentence_dev,hidden,control_reverse,emotion_1,mouth,local_mean,36,0.003545117811042781,0.003350178134507934,-0.05818785411047389,0.7578547547657118,27,36
sentence_dev,hidden,control_reverse,emotion_1,mouth,local_std,36,0.0006491814041278335,0.0006317394833583176,-0.027609356750657454,0.9196881566179287,27,36
sentence_dev,hidden,control_reverse,emotion_1,brows,local_mean,37,0.0009890108072783121,0.0009719113811611342,-0.017593606216185442,0.4806119048444508,5,37
sentence_dev,hidden,control_reverse,emotion_1,brows,local_std,37,6.136045947058794e-05,5.883965826033466e-05,-0.04284187374270698,0.5245122841909299,5,37
sentence_dev,hidden,control_reverse,emotion_1,eyes,local_mean,37,0.0053385821479034696,0.005153080144665193,-0.035998276376570715,1.3693355182868976,14,37
sentence_dev,hidden,control_reverse,emotion_1,eyes,local_std,37,0.0003674831937284816,0.0003604704495217546,-0.019454421897914242,0.9344361484610091,14,37
sentence_dev,hidden,control_reverse,emotion_2,all51,local_mean,36,0.003635378722673158,0.0034800944411673357,-0.0446207090442452,1.1208395772549007,47,36
sentence_dev,hidden,control_reverse,emotion_2,all51,local_std,36,0.0003739991650897947,0.0003469019600755366,-0.07811199743108355,0.9030813667326518,46,36
sentence_dev,hidden,control_reverse,emotion_2,mouth,local_mean,36,0.004249020752763682,0.004064655133865589,-0.04535824389183962,1.1734795795288613,27,36
sentence_dev,hidden,control_reverse,emotion_2,mouth,local_std,36,0.0005427546375417193,0.000500746633386387,-0.08389073706046868,1.0355118994580643,27,36
sentence_dev,hidden,control_reverse,emotion_2,brows,local_mean,36,0.0018217420173741326,0.0017622780182990527,-0.03374268898415611,1.0989914342964753,5,36
sentence_dev,hidden,control_reverse,emotion_2,brows,local_std,36,8.420306515724113e-05,8.188748141049008e-05,-0.028277628116846865,0.8998992978589817,5,36
sentence_dev,hidden,control_reverse,emotion_2,eyes,local_mean,36,0.004398002146547691,0.004209123291108468,-0.04487368090125066,1.0583731353509227,14,36
sentence_dev,hidden,control_reverse,emotion_2,eyes,local_std,36,0.0002856117873280928,0.0002687429826829993,-0.06276928415649619,0.6488160782170951,14,36
sentence_dev,hidden,control_reverse,emotion_3,all51,local_mean,39,0.00423638991429462,0.004072289884827262,-0.040296745592392824,1.3559567044026948,47,39
sentence_dev,hidden,control_reverse,emotion_3,all51,local_std,39,0.000478971685250438,0.00043851167647790065,-0.09226666230990643,1.1336327000117241,46,39
sentence_dev,hidden,control_reverse,emotion_3,mouth,local_mean,39,0.005069379070091533,0.00485389619280715,-0.044393795978517225,1.503783933008847,27,39
sentence_dev,hidden,control_reverse,emotion_3,mouth,local_std,39,0.0006927602555690154,0.0006234171142724233,-0.11123073093288616,1.3562786042942112,27,39
sentence_dev,hidden,control_reverse,emotion_3,brows,local_mean,39,0.0017895288676647587,0.0017549969977977043,-0.01967631278594073,0.9052337627924347,5,39
sentence_dev,hidden,control_reverse,emotion_3,brows,local_std,39,8.553321212095735e-05,8.240275573748567e-05,-0.037989705022056786,0.7682199773063585,5,39
sentence_dev,hidden,control_reverse,emotion_3,eyes,local_mean,39,0.005016782778561098,0.004846897105031127,-0.03505039819261446,1.1675473640318637,14,39
sentence_dev,hidden,control_reverse,emotion_3,eyes,local_std,39,0.00037823983332017523,0.00036570104033054437,-0.03428700388245409,0.8347487141474145,14,39
sentence_dev,hidden,control_reverse,emotion_4,all51,local_mean,35,0.00314383314898786,0.0029077186758305514,-0.08120265386054437,1.0293290946095657,47,35
sentence_dev,hidden,control_reverse,emotion_4,all51,local_std,35,0.0004464018788463554,0.0004333440685695313,-0.03013266183595853,1.134245937222031,46,35
sentence_dev,hidden,control_reverse,emotion_4,mouth,local_mean,35,0.003718478612184756,0.003362834327438535,-0.10575730176309772,0.9949051577431461,27,35
sentence_dev,hidden,control_reverse,emotion_4,mouth,local_std,35,0.0006176467496168954,0.0005969227492758231,-0.03471806086501861,1.2372257130580913,27,35
sentence_dev,hidden,control_reverse,emotion_4,brows,local_mean,35,0.0011184775176828442,0.001045122747011427,-0.07018770845929656,0.5986338663717183,5,35
sentence_dev,hidden,control_reverse,emotion_4,brows,local_std,35,6.737969689735347e-05,6.421033699105368e-05,-0.049359029321733194,0.7073517705281802,5,35
sentence_dev,hidden,control_reverse,emotion_4,eyes,local_mean,35,0.0038817263915399557,0.0037336788124191253,-0.039651932198449424,1.2857651493477285,14,35
sentence_dev,hidden,control_reverse,emotion_4,eyes,local_std,35,0.0004109381268201666,0.00040447002641653946,-0.015991544443805017,1.0881042862145767,14,35
sentence_dev,hidden,control_reverse,emotion_5,all51,local_mean,39,0.003938814593577216,0.003777376479937421,-0.042738158215690936,1.012344172555488,47,39
sentence_dev,hidden,control_reverse,emotion_5,all51,local_std,39,0.0004988233868810845,0.00048197273933994007,-0.03496182701997075,0.9704230640818269,46,39
sentence_dev,hidden,control_reverse,emotion_5,mouth,local_mean,39,0.004620050968021361,0.004426467489035284,-0.043733175374177646,0.8816988892829206,27,39
sentence_dev,hidden,control_reverse,emotion_5,mouth,local_std,39,0.0006381280933143837,0.0006128400544615231,-0.04126368482079745,0.8947183323710265,27,39
sentence_dev,hidden,control_reverse,emotion_5,brows,local_mean,39,0.0023473416874755233,0.0022990411371697403,-0.021008997849096378,1.3096319119256687,5,39
sentence_dev,hidden,control_reverse,emotion_5,brows,local_std,39,0.00011290755647750495,0.00011104967068877314,-0.016730223306458125,1.190579251908505,5,39
sentence_dev,hidden,control_reverse,emotion_5,eyes,local_mean,39,0.004600101449433202,0.004402595592167124,-0.04486123086514482,1.096742514653784,14,39
sentence_dev,hidden,control_reverse,emotion_5,eyes,local_std,39,0.0005461423478970382,0.0005341911806737404,-0.02237245326331405,1.0377978367288423,14,39
sentence_dev,hidden,control_reverse,emotion_6,all51,local_mean,55,0.0035263960999678727,0.0034160190447933073,-0.032311604158882457,0.9406506690799187,47,55
sentence_dev,hidden,control_reverse,emotion_6,all51,local_std,55,0.00041586595542973583,0.0003978010045334957,-0.04541202935730415,0.9061644074457089,46,55
sentence_dev,hidden,control_reverse,emotion_6,mouth,local_mean,55,0.0035439850439104416,0.003436108832944647,-0.03139487606780711,0.8552466778683169,27,55
sentence_dev,hidden,control_reverse,emotion_6,mouth,local_std,55,0.0005099694569396508,0.0004800730723375429,-0.06227465426573131,0.916345626794752,27,55
sentence_dev,hidden,control_reverse,emotion_6,brows,local_mean,55,0.001350843900847365,0.0013257540741629967,-0.018924947826548078,0.6648638771595319,5,55
sentence_dev,hidden,control_reverse,emotion_6,brows,local_std,55,8.014278355478453e-05,7.723512840468916e-05,-0.03764679634971424,0.7409760182629341,5,55
sentence_dev,hidden,control_reverse,emotion_6,eyes,local_mean,55,0.005528883543445284,0.005343803433092386,-0.03463452813529,1.217456096878855,14,55
sentence_dev,hidden,control_reverse,emotion_6,eyes,local_std,55,0.0005028051590837416,0.0004956928973562779,-0.014348121115707269,0.9455250519806888,14,55
sentence_dev,hidden,control_reverse,emotion_7,all51,local_mean,37,0.0031553647853893876,0.0029834327639311287,-0.057628924484864896,0.9474646211545548,47,37
sentence_dev,hidden,control_reverse,emotion_7,all51,local_std,37,0.000422559816926596,0.00039171138255015355,-0.07875296902431139,0.9639931790298483,46,37
sentence_dev,hidden,control_reverse,emotion_7,mouth,local_mean,37,0.0032188195027098155,0.0030251683824470002,-0.06401333604649628,0.6219654815577016,27,37
sentence_dev,hidden,control_reverse,emotion_7,mouth,local_std,37,0.0005466334442070534,0.000497038103399455,-0.0997817681751052,0.7348881390540243,27,37
sentence_dev,hidden,control_reverse,emotion_7,brows,local_mean,37,0.0022454139657334506,0.002172658148263621,-0.03348700647084102,1.282119517515539,5,37
sentence_dev,hidden,control_reverse,emotion_7,brows,local_std,37,0.00011919331680919232,0.00011493334779896379,-0.03706469089963238,1.3383424097718257,5,37
sentence_dev,hidden,control_reverse,emotion_7,eyes,local_mean,37,0.004484884845684216,0.004258015461773836,-0.05328054487990741,1.4561671331160375,14,37
sentence_dev,hidden,control_reverse,emotion_7,eyes,local_std,37,0.00044253421151009976,0.0004273273579459197,-0.035585958355852876,1.2721424594325164,14,37
sentence_dev,audio,forward,all,all51,local_mean,278,0.0036617455061799076,0.003424738439820294,-0.06920442846200259,1.0923935163480194,47,278
sentence_dev,audio,forward,all,all51,local_std,278,0.0004364471542880786,0.00041696065151367885,-0.046734632401543186,1.0028202397961579,46,278
sentence_dev,audio,forward,all,mouth,local_mean,277,0.004077414926072903,0.0037848773795297335,-0.07729115561982014,1.0294710601480415,27,277
sentence_dev,audio,forward,all,mouth,local_std,277,0.0005789184641548452,0.0005587597253026729,-0.03607765187666767,1.0340607709911043,27,277
sentence_dev,audio,forward,all,brows,local_mean,278,0.0017631764851676176,0.001611057086382179,-0.094422103394884,0.9493226928247157,5,278
sentence_dev,audio,forward,all,brows,local_std,278,8.670523228693166e-05,8.424437826138551e-05,-0.029210899009911806,0.8692560488016406,5,278
sentence_dev,audio,forward,all,eyes,local_mean,278,0.004864044762910987,0.004617324591648836,-0.053433577467866034,1.2602034332748906,14,278
sentence_dev,audio,forward,all,eyes,local_std,278,0.0004457559484430118,0.0004144791866693773,-0.07546039169050811,0.9942603863494462,14,278
sentence_dev,audio,forward,emotion_1,all51,local_mean,37,0.0034890926744832454,0.003253697568317858,-0.0723469533424046,1.0082587280643351,47,37
sentence_dev,audio,forward,emotion_1,all51,local_std,37,0.00043843670458489786,0.00043131603322327456,-0.016509173814869937,0.8982336516042875,46,37
sentence_dev,audio,forward,emotion_1,mouth,local_mean,36,0.003707978790815955,0.0033491962573156935,-0.10712496549480144,0.8542648537990774,27,36
sentence_dev,audio,forward,emotion_1,mouth,local_std,36,0.0006235726003133246,0.0006317187964033088,0.012895288435874619,0.9326926410726399,27,36
sentence_dev,audio,forward,emotion_1,brows,local_mean,37,0.0010748156273384442,0.0009711732280195365,-0.10671875658090402,0.5251499711098109,5,37
sentence_dev,audio,forward,emotion_1,brows,local_std,37,6.14145632046784e-05,5.881043971119185e-05,-0.04427995278176744,0.5271215244661479,5,37
sentence_dev,audio,forward,emotion_1,eyes,local_mean,37,0.005292205948487382,0.005146331330329697,-0.02834536076174854,1.3873973330036369,14,37
sentence_dev,audio,forward,emotion_1,eyes,local_std,37,0.000399695449334274,0.0003601002331973193,-0.1099560969049922,0.9889991450138661,14,37
sentence_dev,audio,forward,emotion_2,all51,local_mean,36,0.0036852334062350434,0.0034898350133414696,-0.055990725104933414,1.1733852207973756,47,36
sentence_dev,audio,forward,emotion_2,all51,local_std,36,0.00037927587114640386,0.0003482798176106477,-0.0889975587687013,0.9438638561990909,46,36
sentence_dev,audio,forward,emotion_2,mouth,local_mean,36,0.004287441445171733,0.0040837972174933386,-0.049866390722356435,1.2391636190736741,27,36
sentence_dev,audio,forward,emotion_2,mouth,local_std,36,0.0005398955080021023,0.0005033570089109761,-0.07258963011199149,1.0820803843564128,27,36
sentence_dev,audio,forward,emotion_2,brows,local_mean,36,0.0019902269020063467,0.0017697037462575938,-0.1246102101637605,1.1862262448657304,5,36
sentence_dev,audio,forward,emotion_2,brows,local_std,36,8.523287022948007e-05,8.197549404385177e-05,-0.03973597504500326,0.9086662834821083,5,36
sentence_dev,audio,forward,emotion_2,eyes,local_mean,36,0.004445345397366141,0.0042050378809774394,-0.057147527130681386,1.076155260319566,14,36
sentence_dev,audio,forward,emotion_2,eyes,local_std,36,0.0003099803333796248,0.00026869659208989563,-0.1536444543960469,0.6898739707231777,14,36
sentence_dev,audio,forward,emotion_3,all51,local_mean,39,0.004025202275214255,0.0040704531451375555,0.011116912124969569,1.3121069149188054,47,39
sentence_dev,audio,forward,emotion_3,all51,local_std,39,0.0004707023004207089,0.0004382528850930271,-0.07404267360565986,1.1531354835377075,46,39
sentence_dev,audio,forward,emotion_3,mouth,local_mean,39,0.004739211766116894,0.004853766633903143,0.023601231049324323,1.4392834814224291,27,39
sentence_dev,audio,forward,emotion_3,mouth,local_std,39,0.000662157680106912,0.0006232879069170674,-0.062362469668477694,1.3719011013063982,27,39
sentence_dev,audio,forward,emotion_3,brows,local_mean,39,0.0018919832348104036,0.0017578416628329567,-0.07631038381537891,0.9567414236874541,5,39
sentence_dev,audio,forward,emotion_3,brows,local_std,39,8.4055463172426e-05,8.22884302336686e-05,-0.02147364986474609,0.7526480335443966,5,39
sentence_dev,audio,forward,emotion_3,eyes,local_mean,39,0.004847617492829226,0.0048394400433746316,-0.001689751165693032,1.1610173164353499,14,39
sentence_dev,audio,forward,emotion_3,eyes,local_std,39,0.00040766271838397025,0.00036504831650750145,-0.1167363331083684,0.874261595695701,14,39
sentence_dev,audio,forward,emotion_4,all51,local_mean,35,0.0032660024821508037,0.002906423487522977,-0.12371872033496434,1.0893034141813653,47,35
sentence_dev,audio,forward,emotion_4,all51,local_std,35,0.00043448262509422565,0.000433198776715019,-0.002963647286684745,1.136777968069809,46,35
sentence_dev,audio,forward,emotion_4,mouth,local_mean,35,0.0038090603232800732,0.003362834327438535,-0.1326934223909353,1.057435549027003,27,35
sentence_dev,audio,forward,emotion_4,mouth,local_std,35,0.0005854681060023224,0.0005969227492758231,0.01918949024374972,1.2317313323112866,27,35
sentence_dev,audio,forward,emotion_4,brows,local_mean,35,0.001174672751367541,0.0010441813668211324,-0.12497003747890245,0.6305258734669361,5,35
sentence_dev,audio,forward,emotion_4,brows,local_std,35,6.568399283810315e-05,6.433755901027563e-05,-0.020927648616766437,0.6875939006651949,5,35
sentence_dev,audio,forward,emotion_4,eyes,local_mean,35,0.004132008748308345,0.003729296833743714,-0.10798601787896911,1.3529893581455614,14,35
sentence_dev,audio,forward,emotion_4,eyes,local_std,35,0.00043018242167018454,0.0004038953125508817,-0.06508396681625572,1.1140765039628937,14,35
sentence_dev,audio,forward,emotion_5,all51,local_mean,39,0.003874205512760187,0.003777424938922279,-0.025620780135348076,1.0526802363431778,47,39
sentence_dev,audio,forward,emotion_5,all51,local_std,39,0.0005019270015778104,0.0004819829322906452,-0.04137920235552772,1.0198208387903558,46,39
sentence_dev,audio,forward,emotion_5,mouth,local_mean,39,0.004374482731493666,0.004426467489035284,0.011744073049308246,0.9257566256885235,27,39
sentence_dev,audio,forward,emotion_5,mouth,local_std,39,0.0006296742521515585,0.0006128400544615231,-0.02746915376611092,0.9557853283483172,27,39
sentence_dev,audio,forward,emotion_5,brows,local_mean,39,0.0024545400002444605,0.0023016422250786814,-0.06642986190460265,1.3708897460671363,5,39
sentence_dev,audio,forward,emotion_5,brows,local_std,39,0.00011403553542804523,0.0001110957232304597,-0.026461974521621467,1.200429002893494,5,39
sentence_dev,audio,forward,emotion_5,eyes,local_mean,39,0.004800051288904415,0.004401843160246672,-0.09046395206762159,1.159418062826933,14,39
sentence_dev,audio,forward,emotion_5,eyes,local_std,39,0.0005733493796620264,0.0005342118648555333,-0.07326215941886116,1.0788149788917376,14,39
sentence_dev,audio,forward,emotion_6,all51,local_mean,55,0.003908677756017121,0.003417330669425683,-0.14378096067420176,1.0346944373428082,47,55
sentence_dev,audio,forward,emotion_6,all51,local_std,55,0.00042021772334816627,0.0003977320718487373,-0.05653467017359515,0.9290595533444231,46,55
sentence_dev,audio,forward,emotion_6,mouth,local_mean,55,0.004215989791095882,0.0034413494312950186,-0.2250978504991159,0.9932179030305154,27,55
sentence_dev,audio,forward,emotion_6,mouth,local_std,55,0.0005170664919510242,0.00048026173202720307,-0.07663479613182345,0.953111926857835,27,55
sentence_dev,audio,forward,emotion_6,brows,local_mean,55,0.0014823714100282348,0.0013260577160086342,-0.1178784996554274,0.731021522490889,5,55
sentence_dev,audio,forward,emotion_6,brows,local_std,55,7.884005885572261e-05,7.722259224643341e-05,-0.02094551040358139,0.7279364887889218,5,55
sentence_dev,audio,forward,emotion_6,eyes,local_mean,55,0.005578497705371464,0.0053383661839120425,-0.044982212382337794,1.2418600577261993,14,55
sentence_dev,audio,forward,emotion_6,eyes,local_std,55,0.0005054361666813128,0.0004950824189325873,-0.020913180013639954,0.9545024989098073,14,55
sentence_dev,audio,forward,emotion_7,all51,local_mean,37,0.003211787890552696,0.0029813827459983164,-0.07728130340313899,0.9966876813038884,47,37
sentence_dev,audio,forward,emotion_7,all51,local_std,37,0.0004109408113725624,0.0003916723362942924,-0.04919539444775123,0.9713373471249974,46,37
sentence_dev,audio,forward,emotion_7,mouth,local_mean,37,0.0032696802917499875,0.0030248842719037203,-0.08092740013891642,0.7007098804766989,27,37
sentence_dev,audio,forward,emotion_7,mouth,local_std,37,0.0005179480147586159,0.0004972441334489491,-0.041637256061850314,0.7457157103913545,27,37
sentence_dev,audio,forward,emotion_7,brows,local_mean,37,0.002340225302061898,0.0021738305909319217,-0.0765444703115723,1.3168867548721892,5,37
sentence_dev,audio,forward,emotion_7,brows,local_std,37,0.00011899028316529424,0.00011491335075021415,-0.03547831812808311,1.3287946250946616,5,37
sentence_dev,audio,forward,emotion_7,eyes,local_mean,37,0.0045584764112487925,0.004250676737934225,-0.0724119222164501,1.4623608988247572,14,37
sentence_dev,audio,forward,emotion_7,eyes,local_std,37,0.00045560227811892225,0.00042679491613022494,-0.0674969661070366,1.2788014758364281,14,37
sentence_dev,audio,control_forward,all,all51,local_mean,278,0.0036603021768759794,0.0034242278753131143,-0.06894234559120238,1.0921180775141,47,278
sentence_dev,audio,control_forward,all,all51,local_std,278,0.00043624188780686137,0.00041686955147113297,-0.046470979392386536,1.0026582325888154,46,278
sentence_dev,audio,control_forward,all,mouth,local_mean,277,0.004072577604330545,0.0037815328472062997,-0.07696475711939454,1.0287241893172707,27,277
sentence_dev,audio,control_forward,all,mouth,local_std,277,0.0005783320106216842,0.0005583763711640137,-0.035738688970792465,1.0334547391428812,27,277
sentence_dev,audio,control_forward,all,brows,local_mean,278,0.0017613411923505225,0.0016093321537250969,-0.09445473283658234,0.9481010815965327,5,278
sentence_dev,audio,control_forward,all,brows,local_std,278,8.670704539675392e-05,8.423557209546965e-05,-0.029340019184332045,0.8691571108217392,5,278
sentence_dev,audio,control_forward,all,eyes,local_mean,278,0.004868737944104738,0.004622507691955508,-0.05326767818639677,1.261122745385929,14,278
sentence_dev,audio,control_forward,all,eyes,local_std,278,0.0004461344934300812,0.0004148871336375295,-0.07531532616736025,0.9949279834248388,14,278
sentence_dev,audio,control_forward,emotion_1,all51,local_mean,37,0.0034916536484286514,0.003256128320163412,-0.07233293811142527,1.0085410716025305,47,37
sentence_dev,audio,control_forward,emotion_1,all51,local_std,37,0.00043868421212744625,0.00043143118177644077,-0.01681155803607126,0.8987325932809208,46,37
sentence_dev,audio,control_forward,emotion_1,mouth,local_mean,36,0.003709685487376903,0.003350178134507934,-0.10730992157280395,0.854054006544786,27,36
sentence_dev,audio,control_forward,emotion_1,mouth,local_std,36,0.0006238202790196214,0.0006317394833583176,0.012535553890977158,0.9329150014907827,27,36
sentence_dev,audio,control_forward,emotion_1,brows,local_mean,37,0.0010757882515991502,0.0009719113811611342,-0.10687895259947999,0.525627407890244,5,37
sentence_dev,audio,control_forward,emotion_1,brows,local_std,37,6.145418663991278e-05,5.883965826033466e-05,-0.044434798856414215,0.5274176472213344,5,37
sentence_dev,audio,control_forward,emotion_1,eyes,local_mean,37,0.005297985318017575,0.005153080144665193,-0.02812010861162273,1.3885819876442291,14,37
sentence_dev,audio,control_forward,emotion_1,eyes,local_std,37,0.00040011817615959975,0.0003604704495217546,-0.1099888401128215,0.9901155189472359,14,37
sentence_dev,audio,control_forward,emotion_2,all51,local_mean,36,0.0036674237496684085,0.0034800944411673357,-0.05382880024320147,1.1709274389727076,47,36
sentence_dev,audio,control_forward,emotion_2,all51,local_std,36,0.00037731884804904805,0.0003469019600755366,-0.0876815108421074,0.9426441437477155,46,36
sentence_dev,audio,control_forward,emotion_2,mouth,local_mean,36,0.0042533880556201754,0.004064655133865589,-0.04643270229302243,1.235392236038694,27,36
sentence_dev,audio,control_forward,emotion_2,mouth,local_std,36,0.0005361551944276805,0.000500746633386387,-0.0707115309030375,1.0797802444263365,27,36
sentence_dev,audio,control_forward,emotion_2,brows,local_mean,36,0.001982809061832709,0.0017622780182990527,-0.12513975731622207,1.1814708152226634,5,36
sentence_dev,audio,control_forward,emotion_2,brows,local_std,36,8.517390404889845e-05,8.188748141049008e-05,-0.04013339501717006,0.9083190032463203,5,36
sentence_dev,audio,control_forward,emotion_2,eyes,local_mean,36,0.00444879098599093,0.004209123291108468,-0.056940051005097914,1.0768991432447759,14,36
sentence_dev,audio,control_forward,emotion_2,eyes,local_std,36,0.00031008569901218937,0.0002687429826829993,-0.153837379925029,0.6904263569037299,14,36
sentence_dev,audio,control_forward,emotion_3,all51,local_mean,39,0.0040269100592240275,0.004072289884827262,0.011143564649538473,1.3123189866507532,47,39
sentence_dev,audio,control_forward,emotion_3,all51,local_std,39,0.00047087193539397884,0.00043851167647790065,-0.0737956607586685,1.153548916624128,46,39
sentence_dev,audio,control_forward,emotion_3,mouth,local_mean,39,0.004739732003124683,0.00485389619280715,0.023520113563953893,1.4394859615509321,27,39
sentence_dev,audio,control_forward,emotion_3,mouth,local_std,39,0.0006621790595070155,0.0006234171142724233,-0.06217658185375674,1.3718479521345284,27,39
sentence_dev,audio,control_forward,emotion_3,brows,local_mean,39,0.0018889002720476455,0.0017549969977977043,-0.07629829248595454,0.9546103623235765,5,39
sentence_dev,audio,control_forward,emotion_3,brows,local_std,39,8.422179809946983e-05,8.240275573748567e-05,-0.022075018556165338,0.7542435028860843,5,39
sentence_dev,audio,control_forward,emotion_3,eyes,local_mean,39,0.004853936445974821,0.004846897105031127,-0.001452339670340308,1.1619129103392807,14,39
sentence_dev,audio,control_forward,emotion_3,eyes,local_std,39,0.0004081800369855153,0.00036570104033054437,-0.11615771346063353,0.8751527101890871,14,39
sentence_dev,audio,control_forward,emotion_4,all51,local_mean,35,0.0032668344100706087,0.0029077186758305514,-0.12350429125936002,1.0897027330508393,47,35
sentence_dev,audio,control_forward,emotion_4,all51,local_std,35,0.000434633688035942,0.0004333440685695313,-0.0029759711969006286,1.1365304244139947,46,35
sentence_dev,audio,control_forward,emotion_4,mouth,local_mean,35,0.0038090603232800732,0.003362834327438535,-0.1326934223909353,1.057435549027003,27,35
sentence_dev,audio,control_forward,emotion_4,mouth,local_std,35,0.0005854681060023224,0.0005969227492758231,0.01918949024374972,1.2317313323112866,27,35
sentence_dev,audio,control_forward,emotion_4,brows,local_mean,35,0.0011753935989427698,0.001045122747011427,-0.12464646119688605,0.6308634177412547,5,35
sentence_dev,audio,control_forward,emotion_4,brows,local_std,35,6.55363801072776e-05,6.421033699105368e-05,-0.020651552045407584,0.6856023906043714,5,35
sentence_dev,audio,control_forward,emotion_4,eyes,local_mean,35,0.004134781896157715,0.0037336788124191253,-0.10742838468173077,1.354154530598264,14,35
sentence_dev,audio,control_forward,emotion_4,eyes,local_std,35,0.00043078544117507655,0.00040447002641653946,-0.06506147066491508,1.1139743998297968,14,35
sentence_dev,audio,control_forward,emotion_5,all51,local_mean,39,0.0038741108808598556,0.003777376479937421,-0.025608885276915183,1.0524125114364788,47,39
sentence_dev,audio,control_forward,emotion_5,all51,local_std,39,0.000501915696611724,0.00048197273933994007,-0.04137777024297207,1.019687695307568,46,39
sentence_dev,audio,control_forward,emotion_5,mouth,local_mean,39,0.004374482731493666,0.004426467489035284,0.011744073049308246,0.9257566256885235,27,39
sentence_dev,audio,control_forward,emotion_5,mouth,local_std,39,0.0006296742521515585,0.0006128400544615231,-0.02746915376611092,0.9557853283483172,27,39
sentence_dev,audio,control_forward,emotion_5,brows,local_mean,39,0.002451321178080126,0.0022990411371697403,-0.06623632715761296,1.3689082386958635,5,39
sentence_dev,audio,control_forward,emotion_5,brows,local_std,39,0.00011395989213298374,0.00011104967068877314,-0.026206484235029803,1.1992122529976332,5,39
sentence_dev,audio,control_forward,emotion_5,eyes,local_mean,39,0.00480085614006386,0.004402595592167124,-0.09046039763572677,1.1593366521314483,14,39
sentence_dev,audio,control_forward,emotion_5,eyes,local_std,39,0.0005733352125993294,0.0005341911806737404,-0.07327719614580519,1.0788120609825278,14,39
sentence_dev,audio,control_forward,emotion_6,all51,local_mean,55,0.003908614686220735,0.0034160190447933073,-0.14420166719452032,1.0343808298407526,47,55
sentence_dev,audio,control_forward,emotion_6,all51,local_std,55,0.00042002606524677326,0.0003978010045334957,-0.05586979534991632,0.928459057633664,46,55
sentence_dev,audio,control_forward,emotion_6,mouth,local_mean,55,0.004213166259524492,0.003436108832944647,-0.2261445909773263,0.9921589600741507,27,55
sentence_dev,audio,control_forward,emotion_6,mouth,local_std,55,0.0005165136697244059,0.0004800730723375429,-0.07590635569170479,0.9515854789558965,27,55
sentence_dev,audio,control_forward,emotion_6,brows,local_mean,55,0.00148191014586031,0.0013257540741629967,-0.11778660517856698,0.7307627871899354,5,55
sentence_dev,audio,control_forward,emotion_6,brows,local_std,55,7.887644603087732e-05,7.723512840468916e-05,-0.021250921181721116,0.7282934062097918,5,55
sentence_dev,audio,control_forward,emotion_6,eyes,local_mean,55,0.005583878069706127,0.005343803433092386,-0.04492579856643664,1.2428978899923995,14,55
sentence_dev,audio,control_forward,emotion_6,eyes,local_std,55,0.0005057911453023065,0.0004956928973562779,-0.020371984347338,0.9553458348778836,14,55
sentence_dev,audio,control_forward,emotion_7,all51,local_mean,37,0.003213317200911253,0.0029834327639311287,-0.0770536677612994,0.9968742803563753,47,37
sentence_dev,audio,control_forward,emotion_7,all51,local_std,37,0.00041103027334522487,0.00039171138255015355,-0.04931919687730235,0.9716392606405775,46,37
sentence_dev,audio,control_forward,emotion_7,mouth,local_mean,37,0.0032685869895378674,0.0030251683824470002,-0.08046448207751355,0.7003537239328823,27,37
sentence_dev,audio,control_forward,emotion_7,mouth,local_std,37,0.0005177550053647468,0.000497038103399455,-0.04168071184804556,0.7455253507367969,27,37
sentence_dev,audio,control_forward,emotion_7,brows,local_mean,37,0.0023393267404865415,0.002172658148263621,-0.07671183446697372,1.3162578077765574,5,37
sentence_dev,audio,control_forward,emotion_7,brows,local_std,37,0.00011901160579302207,0.00011493334779896379,-0.03548367877695324,1.3290471419521641,5,37
sentence_dev,audio,control_forward,emotion_7,eyes,local_mean,37,0.004566476895781835,0.004258015461773836,-0.07244253497367481,1.4638566232637913,14,37
sentence_dev,audio,control_forward,emotion_7,eyes,local_std,37,0.0004562927925582454,0.0004273273579459197,-0.06778277607021699,1.2800704149865874,14,37
sentence_dev,audio,control_reverse,all,all51,local_mean,278,0.004215888788307798,0.0034242278753131143,-0.23119399228717907,1.233639046406589,47,278
sentence_dev,audio,control_reverse,all,all51,local_std,278,0.0004890361273995408,0.00041686955147113297,-0.1731154882234307,1.075934428687007,46,278
sentence_dev,audio,control_reverse,all,mouth,local_mean,277,0.004593481463756819,0.0037815328472062997,-0.2147141514717681,1.1349752515634373,27,277
sentence_dev,audio,control_reverse,all,mouth,local_std,277,0.0006709818211580939,0.0005583763711640137,-0.20166585802930448,1.1304183842957123,27,277
sentence_dev,audio,control_reverse,all,brows,local_mean,278,0.001825219944751235,0.0016093321537250969,-0.13414744154985403,0.9818625662558865,5,278
sentence_dev,audio,control_reverse,all,brows,local_std,278,9.119594432519462e-05,8.423557209546965e-05,-0.08262984457250822,0.912921771169393,5,278
sentence_dev,audio,control_reverse,all,eyes,local_mean,278,0.005867042314700059,0.004622507691955508,-0.2692336510137989,1.477485686997193,14,278
sentence_dev,audio,control_reverse,all,eyes,local_std,278,0.0004586682922164225,0.0004148871336375295,-0.10552546711931265,1.0331364553520983,14,278
sentence_dev,audio,control_reverse,emotion_1,all51,local_mean,37,0.0039635571993617445,0.003256128320163412,-0.21726074946666407,1.1489971916199877,47,37
sentence_dev,audio,control_reverse,emotion_1,all51,local_std,37,0.0005072164957144042,0.00043143118177644077,-0.17566026086921527,0.9915272394156058,46,37
sentence_dev,audio,control_reverse,emotion_1,mouth,local_mean,36,0.0038801775871023744,0.003350178134507934,-0.15820037959631827,0.9023617461025254,27,36
sentence_dev,audio,control_reverse,emotion_1,mouth,local_std,36,0.0007575127162191418,0.0006317394833583176,-0.19909034685028004,1.0877482666805292,27,36
sentence_dev,audio,control_reverse,emotion_1,brows,local_mean,37,0.0011569693038121951,0.0009719113811611342,-0.1904061689554184,0.5657552720844022,5,37
sentence_dev,audio,control_reverse,emotion_1,brows,local_std,37,6.468514274072749e-05,5.883965826033466e-05,-0.09934599644562225,0.5550080191378644,5,37
sentence_dev,audio,control_reverse,emotion_1,eyes,local_mean,37,0.006654496390722267,0.005153080144665193,-0.2913628750003896,1.6637696293840982,14,37
sentence_dev,audio,control_reverse,emotion_1,eyes,local_std,37,0.0003966550385719536,0.0003604704495217546,-0.10038156830388179,0.9901342297015263,14,37
sentence_dev,audio,control_reverse,emotion_2,all51,local_mean,36,0.004261516853652898,0.0034800944411673357,-0.2245405766124693,1.2947592892127835,47,36
sentence_dev,audio,control_reverse,emotion_2,all51,local_std,36,0.0003988474975156119,0.0003469019600755366,-0.14974126242689545,0.9739484957603993,46,36
sentence_dev,audio,control_reverse,emotion_2,mouth,local_mean,36,0.004774826295790791,0.004064655133865589,-0.17471867564070842,1.3162816650660885,27,36
sentence_dev,audio,control_reverse,emotion_2,mouth,local_std,36,0.000577773560820653,0.000500746633386387,-0.15382415436996122,1.1241708062377658,27,36
sentence_dev,audio,control_reverse,emotion_2,brows,local_mean,36,0.001952024805963443,0.0017622780182990527,-0.10767131275207831,1.162998493411051,5,36
sentence_dev,audio,control_reverse,emotion_2,brows,local_std,36,8.820410295536746e-05,8.188748141049008e-05,-0.07713781686865007,0.9385113571728161,5,36
sentence_dev,audio,control_reverse,emotion_2,eyes,local_mean,36,0.0056183505195062065,0.004209123291108468,-0.3348030292613786,1.3309066873490414,14,36
sentence_dev,audio,control_reverse,emotion_2,eyes,local_std,36,0.0003071652680045337,0.0002687429826829993,-0.1429703761487835,0.6968901607639005,14,36
sentence_dev,audio,control_reverse,emotion_3,all51,local_mean,39,0.004922305115270572,0.004072289884827262,-0.2087315133459282,1.5801562644394893,47,39
sentence_dev,audio,control_reverse,emotion_3,all51,local_std,39,0.0005279156305338486,0.00043851167647790065,-0.2038804411641557,1.225054458818369,46,39
sentence_dev,audio,control_reverse,emotion_3,mouth,local_mean,39,0.005589638945833756,0.00485389619280715,-0.15157776841558368,1.6964873829490927,27,39
sentence_dev,audio,control_reverse,emotion_3,mouth,local_std,39,0.0007648615862535114,0.0006234171142724233,-0.22688576996504972,1.466320067938488,27,39
sentence_dev,audio,control_reverse,emotion_3,brows,local_mean,39,0.0019519129514900956,0.0017549969977977043,-0.11220301455757209,0.9864516185307013,5,39
sentence_dev,audio,control_reverse,emotion_3,brows,local_std,39,9.074678651521438e-05,8.240275573748567e-05,-0.10125912298747242,0.8125757520017065,5,39
sentence_dev,audio,control_reverse,emotion_3,eyes,local_mean,39,0.006454120326891681,0.004846897105031127,-0.3315983787219745,1.477125512547634,14,39
sentence_dev,audio,control_reverse,emotion_3,eyes,local_std,39,0.0004156210493176257,0.00036570104033054437,-0.13650496849000038,0.9070703222355194,14,39
sentence_dev,audio,control_reverse,emotion_4,all51,local_mean,35,0.003660200673327067,0.0029077186758305514,-0.2587877581663154,1.1819492654028232,47,35
sentence_dev,audio,control_reverse,emotion_4,all51,local_std,35,0.0005152610004330802,0.0004333440685695313,-0.18903439046473314,1.2308246800561218,46,35
sentence_dev,audio,control_reverse,emotion_4,mouth,local_mean,35,0.004232673921544373,0.003362834327438535,-0.25866263675510703,1.1243413115680962,27,35
sentence_dev,audio,control_reverse,emotion_4,mouth,local_std,35,0.000724152818206669,0.0005969227492758231,-0.2131432737070238,1.352000251654461,27,35
sentence_dev,audio,control_reverse,emotion_4,brows,local_mean,35,0.0012675800233371837,0.001045122747011427,-0.2128527744342783,0.6758732123457584,5,35
sentence_dev,audio,control_reverse,emotion_4,brows,local_std,35,7.127009325265034e-05,6.421033699105368e-05,-0.10994734792593097,0.7443983476643039,5,35
sentence_dev,audio,control_reverse,emotion_4,eyes,local_mean,35,0.0047178658467831435,0.0037336788124191253,-0.2635971340358394,1.5023043245777878,14,35
sentence_dev,audio,control_reverse,emotion_4,eyes,local_std,35,0.0004549880691375327,0.00040447002641653946,-0.12489934833630345,1.1708526249706883,14,35
sentence_dev,audio,control_reverse,emotion_5,all51,local_mean,39,0.004770373439741969,0.003777376479937421,-0.2628800610896478,1.242306620106538,47,39
sentence_dev,audio,control_reverse,emotion_5,all51,local_std,39,0.0005513572989417261,0.00048197273933994007,-0.14395951044203859,1.0887073834443848,46,39
sentence_dev,audio,control_reverse,emotion_5,mouth,local_mean,39,0.005475684107593723,0.004426467489035284,-0.23703249174594232,1.085955165068145,27,39
sentence_dev,audio,control_reverse,emotion_5,mouth,local_std,39,0.0007147747674150465,0.0006128400544615231,-0.16633167530651893,1.0396276811438108,27,39
sentence_dev,audio,control_reverse,emotion_5,brows,local_mean,39,0.0025908207531177853,0.0022990411371697403,-0.12691361247552257,1.4335061508051141,5,39
sentence_dev,audio,control_reverse,emotion_5,brows,local_std,39,0.00011765915713418104,0.00011104967068877314,-0.05951828946824689,1.2394020235547405,5,39
sentence_dev,audio,control_reverse,emotion_5,eyes,local_mean,39,0.005892244353673264,0.004402595592167124,-0.3383569374748949,1.3953134711036657,14,39
sentence_dev,audio,control_reverse,emotion_5,eyes,local_std,39,0.0005880002827922826,0.0005341911806737404,-0.1007300458436553,1.1295415806989375,14,39
sentence_dev,audio,control_reverse,emotion_6,all51,local_mean,55,0.004086989209165831,0.0034160190447933073,-0.19641874227698364,1.0991093109647818,47,55
sentence_dev,audio,control_reverse,emotion_6,all51,local_std,55,0.000466468254739208,0.0003978010045334957,-0.17261708598810332,1.0070701925416736,46,55
sentence_dev,audio,control_reverse,emotion_6,mouth,local_mean,55,0.004288004229021176,0.003436108832944647,-0.24792445102691318,1.0420052379383962,27,55
sentence_dev,audio,control_reverse,emotion_6,mouth,local_std,55,0.0005860731132154456,0.0004800730723375429,-0.22079980525000842,1.0440415252546005,27,55
sentence_dev,audio,control_reverse,emotion_6,brows,local_mean,55,0.0015064819801718372,0.0013257540741629967,-0.13632083772621373,0.7444602021821396,5,55
sentence_dev,audio,control_reverse,emotion_6,brows,local_std,55,8.423957904786545e-05,7.723512840468916e-05,-0.09068995919156175,0.7781719372257225,5,55
sentence_dev,audio,control_reverse,emotion_6,eyes,local_mean,55,0.006080564743249212,0.005343803433092386,-0.13787208294270514,1.3493626804713172,14,55
sentence_dev,audio,control_reverse,emotion_6,eyes,local_std,55,0.000538907618288371,0.0004956928973562779,-0.0871804320025038,1.0175177134938693,14,55
sentence_dev,audio,control_reverse,emotion_7,all51,local_mean,37,0.003812026116908698,0.0029834327639311287,-0.2777315322788676,1.1333009597290578,47,37
sentence_dev,audio,control_reverse,emotion_7,all51,local_std,37,0.00046067540242474876,0.00039171138255015355,-0.17605824836036077,1.0447751683576332,46,37
sentence_dev,audio,control_reverse,emotion_7,mouth,local_mean,37,0.003926562344394473,0.0030251683824470002,-0.2979648892199358,0.7929591491036381,27,37
sentence_dev,audio,control_reverse,emotion_7,mouth,local_std,37,0.0006082829954108827,0.000497038103399455,-0.22381562147967426,0.8384473219928347,27,37
sentence_dev,audio,control_reverse,emotion_7,brows,local_mean,37,0.002430863869706714,0.002172658148263621,-0.11884323433460975,1.3831804333243172,5,37
sentence_dev,audio,control_reverse,emotion_7,brows,local_std,37,0.00012238682758924796,0.00011493334779896379,-0.06485045405030276,1.3672976988216778,5,37
sentence_dev,audio,control_reverse,emotion_7,eyes,local_mean,37,0.005445842980257287,0.004258015461773836,-0.2789627067226801,1.6877887785107255,14,37
sentence_dev,audio,control_reverse,emotion_7,eyes,local_std,37,0.0004613477238616081,0.0004273273579459197,-0.0796119538875717,1.3275065397525858,14,37
sentence_dev,prosody,forward,all,all51,local_mean,278,0.0034234140819881026,0.003424738439820294,0.0003867033513546003,1.0016960942856372,47,278
sentence_dev,prosody,forward,all,all51,local_std,278,0.00041475746390513363,0.00041696065151367885,0.005283922117223949,0.9357148101882806,46,278
sentence_dev,prosody,forward,all,mouth,local_mean,277,0.003781007830365564,0.0037848773795297335,0.0010223710773558103,0.9162977133219229,27,277
sentence_dev,prosody,forward,all,mouth,local_std,277,0.0005544592924306837,0.0005587597253026729,0.007696390196447522,0.9515174928479349,27,277
sentence_dev,prosody,forward,all,brows,local_mean,278,0.0016114355689009138,0.001611057086382179,-0.00023492806178881942,0.8713945760780333,5,278
sentence_dev,prosody,forward,all,brows,local_std,278,8.425849101757911e-05,8.424437826138551e-05,-0.0001675216374654731,0.8473924496596865,5,278
sentence_dev,prosody,forward,all,eyes,local_mean,278,0.0046200043259421175,0.004617324591648836,-0.0005803651530431608,1.1973093730814623,14,278
sentence_dev,prosody,forward,all,eyes,local_std,278,0.00041470966307092643,0.0004144791866693773,-0.0005560626660199297,0.9403981866309211,14,278
sentence_dev,prosody,forward,emotion_1,all51,local_mean,37,0.003259915336549701,0.003253697568317858,-0.0019109853025023327,0.9204262423987734,47,37
sentence_dev,prosody,forward,emotion_1,all51,local_std,37,0.00042954295935792805,0.00043131603322327456,0.004110846174894323,0.8415368803263571,46,37
sentence_dev,prosody,forward,emotion_1,mouth,local_mean,36,0.0033640582102851067,0.0033491962573156935,-0.004437468523067256,0.7234982856860276,27,36
sentence_dev,prosody,forward,emotion_1,mouth,local_std,36,0.0006281273520596092,0.0006317187964033088,0.005685194684957096,0.8767320324395028,27,36
sentence_dev,prosody,forward,emotion_1,brows,local_mean,37,0.0009719520768953417,0.0009711732280195365,-0.0008019669955208197,0.4709130170069783,5,37
sentence_dev,prosody,forward,emotion_1,brows,local_std,37,5.874647768487969e-05,5.881043971119185e-05,0.001087596464611762,0.5009402494146364,5,37
sentence_dev,prosody,forward,emotion_1,eyes,local_mean,37,0.00514234488163606,0.005146331330329697,0.0007746195178190973,1.332446444122291,14,37
sentence_dev,prosody,forward,emotion_1,eyes,local_std,37,0.0003603847990027657,0.0003601002331973193,-0.0007902405475268548,0.9185750431641683,14,37
sentence_dev,prosody,forward,emotion_2,all51,local_mean,36,0.003492425624531174,0.0034898350133414696,-0.0007423305628491139,1.0787137988356816,47,36
sentence_dev,prosody,forward,emotion_2,all51,local_std,36,0.0003466522481093812,0.0003482798176106477,0.004673166284605124,0.8533709406876733,46,36
sentence_dev,prosody,forward,emotion_2,mouth,local_mean,36,0.004088135101740744,0.0040837972174933386,-0.001062218326812081,1.128071761436634,27,36
sentence_dev,prosody,forward,emotion_2,mouth,local_std,36,0.0005001988612458421,0.0005033570089109761,0.00627417043812839,0.9702658331976861,27,36
sentence_dev,prosody,forward,emotion_2,brows,local_mean,36,0.0017681567202610703,0.0017697037462575938,0.0008741723013215852,1.0694601294655195,5,36
sentence_dev,prosody,forward,emotion_2,brows,local_std,36,8.18916498597617e-05,8.197549404385177e-05,0.0010227957155735101,0.8779907412643094,5,36
sentence_dev,prosody,forward,emotion_2,eyes,local_mean,36,0.004206661698401026,0.0042050378809774394,-0.00038615999892233077,1.0241202745471365,14,36
sentence_dev,prosody,forward,emotion_2,eyes,local_std,36,0.0002688882476972013,0.00026869659208989563,-0.0007132788913137844,0.6191380049267071,14,36
sentence_dev,prosody,forward,emotion_3,all51,local_mean,39,0.004061754841050939,0.0040704531451375555,0.002136937529180871,1.2930099384345426,47,39
sentence_dev,prosody,forward,emotion_3,all51,local_std,39,0.00043743150261991954,0.0004382528850930271,0.0018742203441129979,1.0720150256337548,46,39
sentence_dev,prosody,forward,emotion_3,mouth,local_mean,39,0.004837011965221425,0.004853766633903143,0.0034518900362222604,1.4223846789558614,27,39
sentence_dev,prosody,forward,emotion_3,mouth,local_std,39,0.0006219212743306946,0.0006232879069170674,0.0021926184853040542,1.2745576833375176,27,39
sentence_dev,prosody,forward,emotion_3,brows,local_mean,39,0.0017544803998456482,0.0017578416628329567,0.0019121534427005704,0.8860832815804783,5,39
sentence_dev,prosody,forward,emotion_3,brows,local_std,39,8.230055387169542e-05,8.22884302336686e-05,-0.00014733101594455178,0.7371058163708555,5,39
sentence_dev,prosody,forward,emotion_3,eyes,local_mean,39,0.004841266400490286,0.0048394400433746316,-0.00037739017309545986,1.1379363851425615,14,39
sentence_dev,prosody,forward,emotion_3,eyes,local_std,39,0.00036468746058368056,0.00036504831650750145,0.0009885155128868117,0.8010074747989615,14,39
sentence_dev,prosody,forward,emotion_4,all51,local_mean,35,0.0029125891510138617,0.002906423487522977,-0.002121391984806653,0.981221279858888,47,35
sentence_dev,prosody,forward,emotion_4,all51,local_std,35,0.00042862333650703035,0.000433198776715019,0.010561987830816522,1.0984488392320924,46,35
sentence_dev,prosody,forward,emotion_4,mouth,local_mean,35,0.0033732737571744217,0.003362834327438535,-0.0031043544579962834,0.935339832322727,27,35
sentence_dev,prosody,forward,emotion_4,mouth,local_std,35,0.0005874017283938403,0.0005969227492758231,0.015950172603629964,1.1894013376477508,27,35
sentence_dev,prosody,forward,emotion_4,brows,local_mean,35,0.0010472540027842829,0.0010441813668211324,-0.0029426266937750967,0.5638987452329378,5,35
sentence_dev,prosody,forward,emotion_4,brows,local_std,35,6.429301170064886e-05,6.433755901027563e-05,0.000692399747706518,0.6774035661515052,5,35
sentence_dev,prosody,forward,emotion_4,eyes,local_mean,35,0.0037305269071126372,0.003729296833743714,-0.0003298405634524215,1.2598705162135986,14,35
sentence_dev,prosody,forward,emotion_4,eyes,local_std,35,0.00040560551816664573,0.0004038953125508817,-0.0042342794348437796,1.0734137612449604,14,35
sentence_dev,prosody,forward,emotion_5,all51,local_mean,39,0.0037754140194634334,0.003777424938922279,0.0005323519305772129,0.9661697897808071,47,39
sentence_dev,prosody,forward,emotion_5,all51,local_std,39,0.00047909865642815945,0.0004819829322906452,0.005984186719596218,0.9362623205651196,46,39
sentence_dev,prosody,forward,emotion_5,mouth,local_mean,39,0.004419658238159872,0.004426467489035284,0.0015383036003945305,0.8336042360158226,27,39
sentence_dev,prosody,forward,emotion_5,mouth,local_std,39,0.0006079713698518235,0.0006128400544615231,0.007944462138620212,0.856246309571097,27,39
sentence_dev,prosody,forward,emotion_5,brows,local_mean,39,0.0023048234495809936,0.0023016422250786814,-0.0013821542147818278,1.2898540874768316,5,39
sentence_dev,prosody,forward,emotion_5,brows,local_std,39,0.00011108807944736666,0.0001110957232304597,6.880357650840274e-05,1.173171208063679,5,39
sentence_dev,prosody,forward,emotion_5,eyes,local_mean,39,0.004406513646447307,0.004401843160246672,-0.001061029671119318,1.0589932206367176,14,39
sentence_dev,prosody,forward,emotion_5,eyes,local_std,39,0.0005330971993676489,0.0005342118648555333,0.002086560709739782,1.0059685962326783,14,39
sentence_dev,prosody,forward,emotion_6,all51,local_mean,55,0.003418148063978402,0.003417330669425683,-0.00023919094515267858,0.9089605333639652,47,55
sentence_dev,prosody,forward,emotion_6,all51,local_std,55,0.0003961592077696547,0.0003977320718487373,0.003954581967130721,0.8749371465288689,46,55
sentence_dev,prosody,forward,emotion_6,mouth,local_mean,55,0.0034397444769336052,0.0034413494312950186,0.00046637355300749306,0.8253211842633866,27,55
sentence_dev,prosody,forward,emotion_6,mouth,local_std,55,0.0004771184974458778,0.00048026173202720307,0.006544836641590335,0.8764620112792529,27,55
sentence_dev,prosody,forward,emotion_6,brows,local_mean,55,0.0013258004381845807,0.0013260577160086342,0.00019401706347133008,0.651659844680561,5,55
sentence_dev,prosody,forward,emotion_6,brows,local_std,55,7.730264791368909e-05,7.722259224643341e-05,-0.0010366871264850808,0.7130078327045449,5,55
sentence_dev,prosody,forward,emotion_6,eyes,local_mean,55,0.0053445309853505886,0.0053383661839120425,-0.0011548105218268656,1.1782473476333009,14,55
sentence_dev,prosody,forward,emotion_6,eyes,local_std,55,0.0004953860629866151,0.0004950824189325873,-0.000613320211779067,0.9298282337332441,14,55
sentence_dev,prosody,forward,emotion_7,all51,local_mean,37,0.0029669344727803657,0.0029813827459983164,0.004846165168609584,0.8956341338943296,47,37
sentence_dev,prosody,forward,emotion_7,all51,local_std,37,0.00038904743593226886,0.0003916723362942924,0.006701776252207026,0.9021737800417139,46,37
sentence_dev,prosody,forward,emotion_7,mouth,local_mean,37,0.002994582273351544,0.0030248842719037203,0.010017572848532663,0.5687788633534969,27,37
sentence_dev,prosody,forward,emotion_7,mouth,local_std,37,0.000491867279672358,0.0004972441334489491,0.010813307618727674,0.652502951201973,27,37
sentence_dev,prosody,forward,emotion_7,brows,local_mean,37,0.002175066352829377,0.0021738305909319217,-0.0005684720339340643,1.240109214212367,5,37
sentence_dev,prosody,forward,emotion_7,brows,local_std,37,0.00011508334295610786,0.00011491335075021415,-0.001479307711279132,1.2974942033658572,5,37
sentence_dev,prosody,forward,emotion_7,eyes,local_mean,37,0.004256041975003962,0.004250676737934225,-0.0012622077378539043,1.408211637506095,14,37
sentence_dev,prosody,forward,emotion_7,eyes,local_std,37,0.0004275417166302079,0.00042679491613022494,-0.001749787712455042,1.2424959416168775,14,37
sentence_dev,prosody,control_forward,all,all51,local_mean,278,0.0034229123878582735,0.0034242278753131143,0.0003841705350058344,1.0016461607766236,47,278
sentence_dev,prosody,control_forward,all,all51,local_std,278,0.0004146605142475703,0.00041686955147113297,0.005299109075649566,0.9355641031001845,46,278
sentence_dev,prosody,control_forward,all,mouth,local_mean,277,0.003777793475112764,0.0037815328472062997,0.0009888508825985909,0.9158787318722271,27,277
sentence_dev,prosody,control_forward,all,mouth,local_std,277,0.000554080752901766,0.0005583763711640137,0.0076930516477494715,0.9509996782664595,27,277
sentence_dev,prosody,control_forward,all,brows,local_mean,278,0.0016097655481721509,0.0016093321537250969,-0.0002693008065803859,0.870254087728678,5,278
sentence_dev,prosody,control_forward,all,brows,local_std,278,8.424980209615974e-05,8.423557209546965e-05,-0.00016893101496306961,0.8472190235313654,5,278
sentence_dev,prosody,control_forward,all,eyes,local_mean,278,0.0046249499758380715,0.004622507691955508,-0.0005283460937910434,1.1983177582836915,14,278
sentence_dev,prosody,control_forward,all,eyes,local_std,278,0.0004150870068696574,0.0004148871336375295,-0.00048175326714883226,0.940959994269834,14,278
sentence_dev,prosody,control_forward,emotion_1,all51,local_mean,37,0.003262262172804615,0.003256128320163412,-0.001883787135543713,0.9206767442321183,47,37
sentence_dev,prosody,control_forward,emotion_1,all51,local_std,37,0.000429699329837038,0.00043143118177644077,0.004014202061779049,0.8418821705920042,46,37
sentence_dev,prosody,control_forward,emotion_1,mouth,local_mean,36,0.0033648835539824853,0.003350178134507934,-0.004389444048685354,0.723164853399431,27,36
sentence_dev,prosody,control_forward,emotion_1,mouth,local_std,36,0.0006282341829546877,0.0006317394833583176,0.005548648605902873,0.8768349002157314,27,36
sentence_dev,prosody,control_forward,emotion_1,brows,local_mean,37,0.0009726626706245899,0.0009719113811611342,-0.0007730020226310863,0.47125082937483276,5,37
sentence_dev,prosody,control_forward,emotion_1,brows,local_std,37,5.8775611861680834e-05,5.883965826033466e-05,0.001088490323489899,0.5011666137404786,5,37
sentence_dev,prosody,control_forward,emotion_1,eyes,local_mean,37,0.005149091573644217,0.005153080144665193,0.0007740168809726722,1.3338255403231791,14,37
sentence_dev,prosody,control_forward,emotion_1,eyes,local_std,37,0.00036074356632056896,0.0003604704495217546,-0.0007576676511948932,0.9194356979003782,14,37
sentence_dev,prosody,control_forward,emotion_2,all51,local_mean,36,0.0034827549354416077,0.0034800944411673357,-0.0007644891020197608,1.0774518609423618,47,36
sentence_dev,prosody,control_forward,emotion_2,all51,local_std,36,0.00034521741602804734,0.0003469019600755366,0.004855965781001781,0.852464625462194,46,36
sentence_dev,prosody,control_forward,emotion_2,mouth,local_mean,36,0.004069143963859028,0.004064655133865589,-0.0011043569123587726,1.1262908519327066,27,36
sentence_dev,prosody,control_forward,emotion_2,mouth,local_std,36,0.0004974868989467896,0.000500746633386387,0.006509748088674772,0.9687025175477145,27,36
sentence_dev,prosody,control_forward,emotion_2,brows,local_mean,36,0.0017609143068486757,0.0017622780182990527,0.0007738344552996601,1.0647297612696995,5,36
sentence_dev,prosody,control_forward,emotion_2,brows,local_std,36,8.18026440340768e-05,8.188748141049008e-05,0.0010360237603108668,0.877287262133422,5,36
sentence_dev,prosody,control_forward,emotion_2,eyes,local_mean,36,0.004210645103196161,0.004209123291108468,-0.0003615508462078143,1.0250783386043743,14,36
sentence_dev,prosody,control_forward,emotion_2,eyes,local_std,36,0.0002689233601700756,0.0002687429826829993,-0.0006711895703301884,0.6194263204861096,14,36
sentence_dev,prosody,control_forward,emotion_3,all51,local_mean,39,0.004063470609816879,0.004072289884827262,0.0021656795709072973,1.2932388518452977,47,39
sentence_dev,prosody,control_forward,emotion_3,all51,local_std,39,0.0004376866082404944,0.00043851167647790065,0.0018815194250542122,1.072350373781088,46,39
sentence_dev,prosody,control_forward,emotion_3,mouth,local_mean,39,0.004837150322686765,0.00485389619280715,0.003449985219131979,1.42239827894205,27,39
sentence_dev,prosody,control_forward,emotion_3,mouth,local_std,39,0.0006220566901845623,0.0006234171142724233,0.0021822052310010998,1.2743884102151881,27,39
sentence_dev,prosody,control_forward,emotion_3,brows,local_mean,39,0.0017518952368030577,0.0017549969977977043,0.001767388205529019,0.8842656388871755,5,39
sentence_dev,prosody,control_forward,emotion_3,brows,local_std,39,8.241485735713345e-05,8.240275573748567e-05,-0.0001468594046336591,0.7382484837918692,5,39
sentence_dev,prosody,control_forward,emotion_3,eyes,local_mean,39,0.004848173134617842,0.004846897105031127,-0.0002632673149569609,1.139012366150137,14,39
sentence_dev,prosody,control_forward,emotion_3,eyes,local_std,39,0.0003653147919946177,0.00036570104033054437,0.001056186046333174,0.802027692797187,14,39
sentence_dev,prosody,control_forward,emotion_4,all51,local_mean,35,0.0029138127381027174,0.0029077186758305514,-0.002095822516401169,0.9816897624080714,47,35
sentence_dev,prosody,control_forward,emotion_4,all51,local_std,35,0.00042875456608729243,0.0004333440685695313,0.01059089719951356,1.0981407532602472,46,35
sentence_dev,prosody,control_forward,emotion_4,mouth,local_mean,35,0.0033732737571744217,0.003362834327438535,-0.0031043544579962834,0.935339832322727,27,35
sentence_dev,prosody,control_forward,emotion_4,mouth,local_std,35,0.0005874017283938403,0.0005969227492758231,0.015950172603629964,1.1894013376477508,27,35
sentence_dev,prosody,control_forward,emotion_4,brows,local_mean,35,0.0010482247002791118,0.001045122747011427,-0.002968027704453702,0.5643587630902717,5,35
sentence_dev,prosody,control_forward,emotion_4,brows,local_std,35,6.416399245026271e-05,6.421033699105368e-05,0.000721761369940066,0.6757097570755016,5,35
sentence_dev,prosody,control_forward,emotion_4,eyes,local_mean,35,0.0037346375823752364,0.0037336788124191253,-0.00025678961803632383,1.2612776167045359,14,35
sentence_dev,prosody,control_forward,emotion_4,eyes,local_std,35,0.00040612964697385847,0.00040447002641653946,-0.004103197885941379,1.0730064105788988,14,35
sentence_dev,prosody,control_forward,emotion_5,all51,local_mean,39,0.0037753611936517987,0.003777376479937421,0.0005335148075193974,0.9659536939659873,47,39
sentence_dev,prosody,control_forward,emotion_5,all51,local_std,39,0.000479088956739851,0.00048197273933994007,0.005983289851700713,0.9361672616746503,46,39
sentence_dev,prosody,control_forward,emotion_5,mouth,local_mean,39,0.004419658238159872,0.004426467489035284,0.0015383036003945305,0.8336042360158226,27,39
sentence_dev,prosody,control_forward,emotion_5,mouth,local_std,39,0.0006079713698518235,0.0006128400544615231,0.007944462138620212,0.856246309571097,27,39
sentence_dev,prosody,control_forward,emotion_5,brows,local_mean,39,0.0023021706389692517,0.0022990411371697403,-0.0013612204448694154,1.288131850637081,5,39
sentence_dev,prosody,control_forward,emotion_5,brows,local_std,39,0.00011104130205440591,0.00011104967068877314,7.535938031444367e-05,1.1723096379380578,5,39
sentence_dev,prosody,control_forward,emotion_5,eyes,local_mean,39,0.004407268643181103,0.004402595592167124,-0.0010614309027821012,1.0589425934640673,14,39
sentence_dev,prosody,control_forward,emotion_5,eyes,local_std,39,0.0005330785709257036,0.0005341911806737404,0.0020827931802123167,1.0059639634945714,14,39
sentence_dev,prosody,control_forward,emotion_6,all51,local_mean,55,0.0034171791597718427,0.0034160190447933073,-0.00033961021976836037,0.9088262329252184,47,55
sentence_dev,prosody,control_forward,emotion_6,all51,local_std,55,0.00039621071620106745,0.0003978010045334957,0.003997698131238181,0.8744546965796257,46,55
sentence_dev,prosody,control_forward,emotion_6,mouth,local_mean,55,0.0034352473765361822,0.003436108832944647,0.0002507069625401481,0.8245531413373406,27,55
sentence_dev,prosody,control_forward,emotion_6,mouth,local_std,55,0.00047692747101295963,0.0004800730723375429,0.0065523386039272324,0.8750972145596707,27,55
sentence_dev,prosody,control_forward,emotion_6,brows,local_mean,55,0.0013255883733406238,0.0013257540741629967,0.00012498609327493693,0.6515474908879957,5,55
sentence_dev,prosody,control_forward,emotion_6,brows,local_std,55,7.731723618228028e-05,7.723512840468916e-05,-0.001063088510203647,0.7131742105265481,5,55
sentence_dev,prosody,control_forward,emotion_6,eyes,local_mean,55,0.0053497501212734465,0.005343803433092386,-0.0011128194095304522,1.1792584759909857,14,55
sentence_dev,prosody,control_forward,emotion_6,eyes,local_std,55,0.000495936898812471,0.0004956928973562779,-0.0004922431963307883,0.9308157283513527,14,55
sentence_dev,prosody,control_forward,emotion_7,all51,local_mean,37,0.002968757454016389,0.0029834327639311287,0.004918934353795423,0.8959792536102252,47,37
sentence_dev,prosody,control_forward,emotion_7,all51,local_std,37,0.00038909931193235203,0.00039171138255015355,0.0066683551567896515,0.9023332803931421,46,37
sentence_dev,prosody,control_forward,emotion_7,mouth,local_mean,37,0.002994731915684533,0.0030251683824470002,0.010061081868721566,0.5688267121201017,27,37
sentence_dev,prosody,control_forward,emotion_7,mouth,local_std,37,0.0004917092936329661,0.000497038103399455,0.010721129285748643,0.6522544905461332,27,37
sentence_dev,prosody,control_forward,emotion_7,brows,local_mean,37,0.0021737728198262824,0.002172658148263621,-0.0005130450750165938,1.2392679323661944,5,37
sentence_dev,prosody,control_forward,emotion_7,brows,local_std,37,0.00011510470853483265,0.00011493334779896379,-0.0014909574910200174,1.2977079073634823,5,37
sentence_dev,prosody,control_forward,emotion_7,eyes,local_mean,37,0.004262856215020395,0.004258015461773836,-0.0011368566624563314,1.4095620387036283,14,37
sentence_dev,prosody,control_forward,emotion_7,eyes,local_std,37,0.0004280277501923649,0.0004273273579459197,-0.001639006334188231,1.2434228654658235,14,37
sentence_dev,prosody,control_reverse,all,all51,local_mean,278,0.0034319778039978046,0.0034242278753131143,-0.0022632631258461267,1.0046588349369827,47,278
sentence_dev,prosody,control_reverse,all,all51,local_std,278,0.00041715411212808214,0.00041686955147113297,-0.0006826131962502924,0.9376690588343398,46,278
sentence_dev,prosody,control_reverse,all,mouth,local_mean,277,0.00378248008340089,0.0037815328472062997,-0.0002504900083810657,0.9179016503589856,27,277
sentence_dev,prosody,control_reverse,all,mouth,local_std,277,0.0005582165044265866,0.0005583763711640137,0.0002863064156776174,0.95363398546344,27,277
sentence_dev,prosody,control_reverse,all,brows,local_mean,278,0.0016110298492531434,0.0016093321537250969,-0.0010549068594181144,0.8709675789995779,5,278
sentence_dev,prosody,control_reverse,all,brows,local_std,278,8.440110803189756e-05,8.423557209546965e-05,-0.00196515477143433,0.8485764156551463,5,278
sentence_dev,prosody,control_reverse,all,eyes,local_mean,278,0.004648403994439142,0.004622507691955508,-0.005602219446535717,1.2041548481244326,14,278
sentence_dev,prosody,control_reverse,all,eyes,local_std,278,0.0004161725571088416,0.0004148871336375295,-0.0030982485767687695,0.9423174252729566,14,278
sentence_dev,prosody,control_reverse,emotion_1,all51,local_mean,37,0.0032624075553959317,0.003256128320163412,-0.001928436048922233,0.9222360711888142,47,37
sentence_dev,prosody,control_reverse,emotion_1,all51,local_std,37,0.0004331217990129059,0.00043143118177644077,-0.003918625514048202,0.8462177087324751,46,37
sentence_dev,prosody,control_reverse,emotion_1,mouth,local_mean,36,0.0033548205799024916,0.003350178134507934,-0.001385730909869709,0.722987378946908,27,36
sentence_dev,prosody,control_reverse,emotion_1,mouth,local_std,36,0.0006344124905900134,0.0006317394833583176,-0.004231185958943229,0.8831813490633933,27,36
sentence_dev,prosody,control_reverse,emotion_1,brows,local_mean,37,0.0009707622602760809,0.0009719113811611342,0.0011823309278264915,0.4705242089164147,5,37
sentence_dev,prosody,control_reverse,emotion_1,brows,local_std,37,5.909161583406863e-05,5.883965826033466e-05,-0.004282104641383011,0.5039612426317793,5,37
sentence_dev,prosody,control_reverse,emotion_1,eyes,local_mean,37,0.005168337188623474,0.005153080144665193,-0.002960762016107177,1.3397985002033173,14,37
sentence_dev,prosody,control_reverse,emotion_1,eyes,local_std,37,0.00036152882514713184,0.0003604704495217546,-0.0029360953908466048,0.9206848048585033,14,37
sentence_dev,prosody,control_reverse,emotion_2,all51,local_mean,36,0.003502705577471189,0.0034800944411673357,-0.006497276636052707,1.0819532089205688,47,36
sentence_dev,prosody,control_reverse,emotion_2,all51,local_std,36,0.0003495341793826331,0.0003469019600755366,-0.007587790240572101,0.856676541277499,46,36
sentence_dev,prosody,control_reverse,emotion_2,mouth,local_mean,36,0.004090424227198551,0.004064655133865589,-0.006339798207789071,1.1307833648290229,27,36
sentence_dev,prosody,control_reverse,emotion_2,mouth,local_std,36,0.0005058304709977032,0.000500746633386387,-0.010152514809607105,0.9755274318924444,27,36
sentence_dev,prosody,control_reverse,emotion_2,brows,local_mean,36,0.001763583460717306,0.0017622780182990527,-0.0007407698471513235,1.0657766084160176,5,36
sentence_dev,prosody,control_reverse,emotion_2,brows,local_std,36,8.204342320891849e-05,8.188748141049008e-05,-0.0019043423456472919,0.8797451395752449,5,36
sentence_dev,prosody,control_reverse,emotion_2,eyes,local_mean,36,0.004241328664239116,0.004209123291108468,-0.007651325680737342,1.0311202012530816,14,36
sentence_dev,prosody,control_reverse,emotion_2,eyes,local_std,36,0.0002684715411144062,0.0002687429826829993,0.0010100415120913864,0.6192253242709088,14,36
sentence_dev,prosody,control_reverse,emotion_3,all51,local_mean,39,0.004075605244058809,0.004072289884827262,-0.0008141265296215394,1.2979501513482792,47,39
sentence_dev,prosody,control_reverse,emotion_3,all51,local_std,39,0.0004369327515204326,0.00043851167647790065,0.003600645187261331,1.0717883645543091,46,39
sentence_dev,prosody,control_reverse,emotion_3,mouth,local_mean,39,0.00484207109079675,0.00485389619280715,0.002436208262534212,1.4255906893766028,27,39
sentence_dev,prosody,control_reverse,emotion_3,mouth,local_std,39,0.0006199190014405106,0.0006234171142724233,0.005611191531042947,1.2713216990067975,27,39
sentence_dev,prosody,control_reverse,emotion_3,brows,local_mean,39,0.0017587957582895196,0.0017549969977977043,-0.00216453959555607,0.8874992387270837,5,39
sentence_dev,prosody,control_reverse,emotion_3,brows,local_std,39,8.261077971765935e-05,8.240275573748567e-05,-0.0025244784390026087,0.7401158459123299,5,39
sentence_dev,prosody,control_reverse,emotion_3,eyes,local_mean,39,0.004880423336453638,0.004846897105031127,-0.006917050371816114,1.1469259882589766,14,39
sentence_dev,prosody,control_reverse,emotion_3,eyes,local_std,39,0.0003666213074711952,0.00036570104033054437,-0.0025164466029929944,0.8054285476252163,14,39
sentence_dev,prosody,control_reverse,emotion_4,all51,local_mean,35,0.002912075490470576,0.0029077186758305514,-0.001498361817544147,0.9827651689634685,47,35
sentence_dev,prosody,control_reverse,emotion_4,all51,local_std,35,0.0004327064220716645,0.0004333440685695313,0.0014714554648727063,1.1013717515883785,46,35
sentence_dev,prosody,control_reverse,emotion_4,mouth,local_mean,35,0.0033542073160081577,0.003362834327438535,0.0025653988839077213,0.9339251759085558,27,35
sentence_dev,prosody,control_reverse,emotion_4,mouth,local_std,35,0.0005941649970237164,0.0005969227492758231,0.004619948319028455,1.1937267019885036,27,35
sentence_dev,prosody,control_reverse,emotion_4,brows,local_mean,35,0.0010488174952728107,0.001045122747011427,-0.0035352290168297884,0.5645953495762974,5,35
sentence_dev,prosody,control_reverse,emotion_4,brows,local_std,35,6.438990633478567e-05,6.421033699105368e-05,-0.002796579992361714,0.6779054390128132,5,35
sentence_dev,prosody,control_reverse,emotion_4,eyes,local_mean,35,0.0037648683206073547,0.0037336788124191253,-0.008353559520033027,1.2676266983335795,14,35
sentence_dev,prosody,control_reverse,emotion_4,eyes,local_std,35,0.00040740156221847615,0.00040447002641653946,-0.007247844365400935,1.0744966017365536,14,35
sentence_dev,prosody,control_reverse,emotion_5,all51,local_mean,39,0.0037918547075450107,0.003777376479937421,-0.003832879164808567,0.9700266261654418,47,39
sentence_dev,prosody,control_reverse,emotion_5,all51,local_std,39,0.00048255207359737903,0.00048197273933994007,-0.001202006275774714,0.9389957079541301,46,39
sentence_dev,prosody,control_reverse,emotion_5,mouth,local_mean,39,0.004440281473557724,0.004426467489035284,-0.0031207694525392515,0.8376120772443707,27,39
sentence_dev,prosody,control_reverse,emotion_5,mouth,local_std,39,0.0006132180115554452,0.0006128400544615231,-0.0006167304032602683,0.8589343782672603,27,39
sentence_dev,prosody,control_reverse,emotion_5,brows,local_mean,39,0.002305054018965018,0.0022990411371697403,-0.0026153867793248242,1.2897428817829821,5,39
sentence_dev,prosody,control_reverse,emotion_5,brows,local_std,39,0.00011114490542570802,0.00011104967068877314,-0.0008575868468965187,1.1728444868118086,5,39
sentence_dev,prosody,control_reverse,emotion_5,eyes,local_mean,39,0.0044265489871096455,0.004402595592167124,-0.005440743861448105,1.0638436338093205,14,39
sentence_dev,prosody,control_reverse,emotion_5,eyes,local_std,39,0.0005355386823099834,0.0005341911806737404,-0.002522508204915397,1.009882279901065,14,39
sentence_dev,prosody,control_reverse,emotion_6,all51,local_mean,55,0.003416117142167811,0.0034160190447933073,-2.871686990535416e-05,0.9096643735278586,47,55
sentence_dev,prosody,control_reverse,emotion_6,all51,local_std,55,0.0003967495076535581,0.0003978010045334957,0.0026432735663166618,0.8730226437456599,46,55
sentence_dev,prosody,control_reverse,emotion_6,mouth,local_mean,55,0.003422801251319088,0.003436108832944647,0.003872863833056961,0.8239883656566392,27,55
sentence_dev,prosody,control_reverse,emotion_6,mouth,local_std,55,0.000477492062035436,0.0004800730723375429,0.005376286342284486,0.8731785524145399,27,55
sentence_dev,prosody,control_reverse,emotion_6,brows,local_mean,55,0.0013253188602184655,0.0013257540741629967,0.0003282765280626654,0.6515634975084216,5,55
sentence_dev,prosody,control_reverse,emotion_6,brows,local_std,55,7.732171508242653e-05,7.723512840468916e-05,-0.0011210789640134777,0.7131188342978502,5,55
sentence_dev,prosody,control_reverse,emotion_6,eyes,local_mean,55,0.005369980845834095,0.005343803433092386,-0.004898648138814687,1.1834786146735141,14,55
sentence_dev,prosody,control_reverse,emotion_6,eyes,local_std,55,0.0004968091852541277,0.0004956928973562779,-0.0022519747686589042,0.9298304661156087,14,55
sentence_dev,prosody,control_reverse,emotion_7,all51,local_mean,37,0.002990360164176448,0.0029834327639311287,-0.0023219562140195382,0.9011537885558341,47,37
sentence_dev,prosody,control_reverse,emotion_7,all51,local_std,37,0.0003928175750623219,0.00039171138255015355,-0.002823998896755775,0.9063987056059817,46,37
sentence_dev,prosody,control_reverse,emotion_7,mouth,local_mean,37,0.003028516085236462,0.0030251683824470002,-0.0011066170097790984,0.5743611137127818,27,37
sentence_dev,prosody,control_reverse,emotion_7,mouth,local_std,37,0.0004980281971455504,0.000497038103399455,-0.0019919876148803972,0.6583204295372203,27,37
sentence_dev,prosody,control_reverse,emotion_7,brows,local_mean,37,0.0021721026734282424,0.002172658148263621,0.0002556660079371387,1.2389827305668244,5,37
sentence_dev,prosody,control_reverse,emotion_7,brows,local_std,37,0.00011515519566604411,0.00011493334779896379,-0.0019302306191268936,1.2981938735668745,5,37
sentence_dev,prosody,control_reverse,emotion_7,eyes,local_mean,37,0.004276993086521731,0.004258015461773836,-0.004456917763278723,1.4157811490966592,14,37
sentence_dev,prosody,control_reverse,emotion_7,eyes,local_std,37,0.00042936836209745457,0.0004273273579459197,-0.004776207545769129,1.2449085351811306,14,37
